Reaction_ID,Reaction_Equation,Subsystem
13DAMPPabcpp,13dampp_p + atp_c + h2o_c --> 13dampp_c + adp_c + h_c + pi_c,Transport Systems
13DAMPPtex,13dampp_e <=> 13dampp_p,Transport Systems
15DAPabcpp,15dap_p + atp_c + h2o_c --> 15dap_c + adp_c + h_c + pi_c,Transport Systems
1P2CBXLCYCL,5a2opntn_c <=> 1p2cbxl_c + h2o_c + h_c,Nitrogen Metabolism
1P2CBXLR,1p2cbxl_c + 2.0 h_c + nadph_c --> nadp_c + pro__L_c,Nitrogen Metabolism
1PPDCRc,1pipdn2c_c + h_c + nadph_c --> Lpipecol_c + nadp_c,Amino Acid Metabolism
1PQQS,2pqq_c + o2_c <=> 1pqq_c,Cofactor and Vitamin Biosynthesis
1PY4h3cAH,1py4h3c_c + h2o_c + h_c --> 25dop_c + nh4_c,Nitrogen Metabolism
23CTI1,decoa_c --> dc2coa_c,Fatty Acid and Lipid Metabolism
23CTI2,dded3coa_c --> dd2coa_c,Fatty Acid and Lipid Metabolism
23CTI3,dd_3_6_coa_c --> dd6_2_coa_c,Fatty Acid and Lipid Metabolism
24DECOAR,dec4_2_coa_c + h_c + nadph_c --> dc2coa_c + nadp_c,Fatty Acid and Lipid Metabolism
25DKGLCNt2rpp,25dkglcn_p + h_p <=> 25dkglcn_c + h_c,Transport Systems
25DKGLCNtex,25dkglcn_e <=> 25dkglcn_p,Transport Systems
26DAHtex,26dap__M_e <=> 26dap__M_p,Transport Systems
2AACLPGT160,2agpg160_c + palmACP_c --> ACP_c + pg160_c,Fatty Acid and Lipid Metabolism
2AACLPGT161,2agpg161_c + hdeACP_c --> ACP_c + pg161_c,Fatty Acid and Lipid Metabolism
2AACLPGT180,2agpg180_c + ocdcaACP_c --> ACP_c + pg180_c,Fatty Acid and Lipid Metabolism
2AACLPGT181,2agpg181_c + octeACP_c --> ACP_c + pg181_c,Fatty Acid and Lipid Metabolism
2AACLPPEAT160,2agpe160_c + palmACP_c --> ACP_c + pe160_c,Fatty Acid and Lipid Metabolism
2AACLPPEAT161,2agpe161_c + hdeACP_c --> ACP_c + pe161_c,Fatty Acid and Lipid Metabolism
2AACLPPEAT180,2agpe180_c + ocdcaACP_c --> ACP_c + pe180_c,Fatty Acid and Lipid Metabolism
2AACLPPEAT181,2agpe181_c + octeACP_c --> ACP_c + pe181_c,Fatty Acid and Lipid Metabolism
2AGPE160tipp,2agpe160_p --> 2agpe160_c,Fatty Acid and Lipid Metabolism
2AGPE161tipp,2agpe161_p --> 2agpe161_c,Fatty Acid and Lipid Metabolism
2AGPE180tipp,2agpe180_p --> 2agpe180_c,Fatty Acid and Lipid Metabolism
2AGPE181tipp,2agpe181_p --> 2agpe181_c,Fatty Acid and Lipid Metabolism
2AGPG160tipp,2agpg160_p --> 2agpg160_c,Fatty Acid and Lipid Metabolism
2AGPG161tipp,2agpg161_p --> 2agpg161_c,Fatty Acid and Lipid Metabolism
2AGPG180tipp,2agpg180_p --> 2agpg180_c,Fatty Acid and Lipid Metabolism
2AGPG181tipp,2agpg181_p --> 2agpg181_c,Fatty Acid and Lipid Metabolism
2DHGLCK,2dhglcn_c + atp_c + 2.0 h_c --> 6p2dhglcn_c + adp_c,Central Carbon Metabolism
2DHGLCNkt_tpp,2dhglcn_p + h_p --> 2dhglcn_c + h_c,Transport Systems
2DHGLCNtex,2dhglcn_e <=> 2dhglcn_p,Transport Systems
2PQQS,3pqq_c <=> 2pqq_c + h2o_c,Cofactor and Vitamin Biosynthesis
34DHCINMtex,34dhcinm_e <=> 34dhcinm_p,Transport Systems
34DHCINMtpp,34dhcinm_p <=> 34dhcinm_c,Transport Systems
34DHPHEtex,34dhphe_e <=> 34dhphe_p,Transport Systems
34DHPHEtpp,34dhphe_p + h_p --> 34dhphe_c + h_c,Transport Systems
34HPPOR,34hpp_c + o2_c --> co2_c + hgentis_c,Aromatic Compound Degradation
3AIBT2,ala__L_c + mmtsa_c <=> 3aib_c + pyr_c,Amino Acid Metabolism
3HAACOAT100,3hdecACP_c + coa_c <=> ACP_c + R_3hdcoa_c,Cellular Processes and Storage
3HAACOAT120,3hddecACP_c + coa_c <=> ACP_c + R_3hddcoa_c,Cellular Processes and Storage
3HAACOAT121,3hcddec5eACP_c + coa_c <=> ACP_c + R_3hcddec5ecoa_c,Cellular Processes and Storage
3HAACOAT140,3hmrsACP_c + coa_c <=> ACP_c + R_3hmrscoa_c,Cellular Processes and Storage
3HAACOAT141,3hcmrs7eACP_c + coa_c <=> ACP_c + R_3hcmrs7ecoa_c,Cellular Processes and Storage
3HAACOAT60,3hhexACP_c + coa_c <=> ACP_c + R_3hhcoa_c,Cellular Processes and Storage
3HAACOAT80,3hoctACP_c + coa_c <=> ACP_c + R_3hocoa_c,Cellular Processes and Storage
3HAD100,3hdecACP_c --> h2o_c + tdec2eACP_c,Fatty Acid and Lipid Metabolism
3HAD120,3hddecACP_c --> h2o_c + tddec2eACP_c,Fatty Acid and Lipid Metabolism
3HAD121,3hcddec5eACP_c --> h2o_c + t3c5ddeceACP_c,Fatty Acid and Lipid Metabolism
3HAD140,3hmrsACP_c --> h2o_c + tmrs2eACP_c,Fatty Acid and Lipid Metabolism
3HAD141,3hcmrs7eACP_c --> h2o_c + t3c7mrseACP_c,Fatty Acid and Lipid Metabolism
3HAD160,3hpalmACP_c --> h2o_c + tpalm2eACP_c,Fatty Acid and Lipid Metabolism
3HAD161,3hcpalm9eACP_c --> h2o_c + t3c9palmeACP_c,Fatty Acid and Lipid Metabolism
3HAD180,3hoctaACP_c --> h2o_c + toctd2eACP_c,Fatty Acid and Lipid Metabolism
3HAD181,3hcvac11eACP_c --> h2o_c + t3c11vaceACP_c,Fatty Acid and Lipid Metabolism
3HAD40,3haACP_c --> but2eACP_c + h2o_c,Fatty Acid and Lipid Metabolism
3HAD60,3hhexACP_c --> h2o_c + thex2eACP_c,Fatty Acid and Lipid Metabolism
3HAD80,3hoctACP_c --> h2o_c + toct2eACP_c,Fatty Acid and Lipid Metabolism
3HBCD,b2coa_c + h2o_c <=> 3hbcoa__R_c,Alternative Carbon Metabolism
3HBCOAHL,3hibutcoa_c + h2o_c --> 3hmp_c + coa_c + h_c,Amino Acid Metabolism
3HLYTCL,34dhphe_c + h_c --> co2_c + dopa_c,Stress Response and Environmental Adaptation
3MBZALDH,3mbzalc_c + nad_c --> 3mbzald_c + h_c + nadh_c,Aromatic Compound Degradation
3MBZDH,3mbzald_c + h2o_c + nad_c --> 2.0 h_c + m_tol_c + nadh_c,Aromatic Compound Degradation
3MBt2pp,3mb_p + h_p --> 3mb_c + h_c,Transport Systems
3MBtex,3mb_e <=> 3mb_p,Transport Systems
3MCAT23DOX,3mcat_c + o2_c --> cchoxod_c + h_c,Aromatic Compound Degradation
3OADPCOAT,3oxoadp_c + succoa_c --> oxadpcoa_c + succ_c,Aromatic Compound Degradation
3OAR100,3odecACP_c + h_c + nadph_c <=> 3hdecACP_c + nadp_c,Fatty Acid and Lipid Metabolism
3OAR120,3oddecACP_c + h_c + nadph_c <=> 3hddecACP_c + nadp_c,Fatty Acid and Lipid Metabolism
3OAR121,3ocddec5eACP_c + h_c + nadph_c --> 3hcddec5eACP_c + nadp_c,Fatty Acid and Lipid Metabolism
3OAR140,3omrsACP_c + h_c + nadph_c <=> 3hmrsACP_c + nadp_c,Fatty Acid and Lipid Metabolism
3OAR141,3ocmrs7eACP_c + h_c + nadph_c --> 3hcmrs7eACP_c + nadp_c,Fatty Acid and Lipid Metabolism
3OAR160,3opalmACP_c + h_c + nadph_c <=> 3hpalmACP_c + nadp_c,Fatty Acid and Lipid Metabolism
3OAR161,3ocpalm9eACP_c + h_c + nadph_c --> 3hcpalm9eACP_c + nadp_c,Fatty Acid and Lipid Metabolism
3OAR180,3ooctdACP_c + h_c + nadph_c <=> 3hoctaACP_c + nadp_c,Fatty Acid and Lipid Metabolism
3OAR181,3ocvac11eACP_c + h_c + nadph_c --> 3hcvac11eACP_c + nadp_c,Fatty Acid and Lipid Metabolism
3OAR40,actACP_c + h_c + nadph_c <=> 3haACP_c + nadp_c,Fatty Acid and Lipid Metabolism
3OAR60,3ohexACP_c + h_c + nadph_c <=> 3hhexACP_c + nadp_c,Fatty Acid and Lipid Metabolism
3OAR80,3ooctACP_c + h_c + nadph_c <=> 3hoctACP_c + nadp_c,Fatty Acid and Lipid Metabolism
3OAS100,h_c + malACP_c + ocACP_c --> 3odecACP_c + ACP_c + co2_c,Fatty Acid and Lipid Metabolism
3OAS120,dcaACP_c + h_c + malACP_c --> 3oddecACP_c + ACP_c + co2_c,Fatty Acid and Lipid Metabolism
3OAS121,cdec3eACP_c + h_c + malACP_c --> 3ocddec5eACP_c + ACP_c + co2_c,Fatty Acid and Lipid Metabolism
3OAS140,ddcaACP_c + h_c + malACP_c --> 3omrsACP_c + ACP_c + co2_c,Fatty Acid and Lipid Metabolism
3OAS141,cddec5eACP_c + h_c + malACP_c --> 3ocmrs7eACP_c + ACP_c + co2_c,Fatty Acid and Lipid Metabolism
3OAS160,h_c + malACP_c + myrsACP_c --> 3opalmACP_c + ACP_c + co2_c,Fatty Acid and Lipid Metabolism
3OAS161,h_c + malACP_c + tdeACP_c --> 3ocpalm9eACP_c + ACP_c + co2_c,Fatty Acid and Lipid Metabolism
3OAS180,h_c + malACP_c + palmACP_c --> 3ooctdACP_c + ACP_c + co2_c,Fatty Acid and Lipid Metabolism
3OAS181,h_c + hdeACP_c + malACP_c --> 3ocvac11eACP_c + ACP_c + co2_c,Fatty Acid and Lipid Metabolism
3OAS60,butACP_c + h_c + malACP_c --> 3ohexACP_c + ACP_c + co2_c,Fatty Acid and Lipid Metabolism
3OAS80,h_c + hexACP_c + malACP_c --> 3ooctACP_c + ACP_c + co2_c,Fatty Acid and Lipid Metabolism
3OXCOAT,coa_c + oxadpcoa_c --> accoa_c + succoa_c,Aromatic Compound Degradation
3OXOADPt_ex_,3oxoadp_e <=> 3oxoadp_p,Transport Systems
3OXOADPt_pp_,3oxoadp_p + h_p <=> 3oxoadp_c + h_c,Transport Systems
3PQQS,4pqq_c <=> 3pqq_c,Cofactor and Vitamin Biosynthesis
3_4DHBZ1t_pp_,34dhbz_p + h_p <=> 34dhbz_c + h_c,Transport Systems
3_4DHBZt2,34dhbz_e <=> 34dhbz_p,Transport Systems
4ABUTabcpp,4abut_p + atp_c + h2o_c --> 4abut_c + adp_c + h_c + pi_c,Transport Systems
4CMCOAS,T4hcinnm_c + atp_c + coa_c --> amp_c + coucoa_c + ppi_c,Aromatic Compound Degradation
4CMLCL_kt,4cml_c + h_c --> 5odhf2a_c + co2_c,Aromatic Compound Degradation
4HBADH,4hba_c + nad_c <=> 4hbald_c + h_c + nadh_c,Cofactor and Vitamin Biosynthesis
4HBHYOX,4hbz_c + h_c + nadph_c + o2_c --> 34dhbz_c + h2o_c + nadp_c,Aromatic Compound Degradation
4HBZtex,4hbz_e <=> 4hbz_p,Transport Systems
4HDPROO,4hpro_DC_c + 2.0 ficytc_c --> 1py4h3c_c + 2.0 focytc_c + h_c,Nitrogen Metabolism
4HPRODCabcpp,4hpro_DC_p + atp_c + h2o_c --> 4hpro_DC_c + adp_c + h_c + pi_c,Transport Systems
4HPRODCtex,4hpro_DC_e <=> 4hpro_DC_p,Transport Systems
4HPROE,4hpro_LT_c <=> 4hpro_DC_c,Nitrogen Metabolism
4HPROLTabcpp,4hpro_LT_p + atp_c + h2o_c --> 4hpro_LT_c + adp_c + h_c + pi_c,Transport Systems
4HPROLTtex,4hpro_LT_e <=> 4hpro_LT_p,Transport Systems
4HTHRS,h2o_c + phthr_c --> 4hthr_c + pi_c,Cofactor and Vitamin Biosynthesis
4MBZALDH,4mbzalc_c + nad_c --> 4mbzald_c + h_c + nadh_c,Aromatic Compound Degradation
4MBZDH,4mbzald_c + h2o_c + nad_c --> 2.0 h_c + nadh_c + p_tol_c,Aromatic Compound Degradation
4MCAT23DOX,4mcat_c + o2_c --> h_c + hmccms_c,Aromatic Compound Degradation
4OD,h_c + oxalc_c --> co2_c + op4en_c,Aromatic Compound Degradation
4OD2,2omcm_c + h_c --> 2hchd_c + co2_c,Aromatic Compound Degradation
4OT,2hmc_c <=> oxalc_c,Aromatic Compound Degradation
4OT2,hmccm_c <=> 2omcm_c,Aromatic Compound Degradation
4PCP,LalaDgluMdapDala_c + h2o_c --> LalaDgluMdap_c + ala__D_c,Cell Envelope and Wall Biosynthesis
4PCPpp,LalaDgluMdapDala_p + h2o_p --> LalaDgluMdap_p + ala__D_p,Cell Envelope and Wall Biosynthesis
5APTNabcpp,5aptn_p + atp_c + h2o_c --> 5aptn_c + adp_c + h_c + pi_c,Transport Systems
5APTNtex,5aptn_e <=> 5aptn_p,Transport Systems
5DH4DGLCD,5dh4dglc_c + h_c --> 25dop_c + co2_c + h2o_c,Alternative Carbon Metabolism
5DOAN,dad_5_c + h2o_c --> 5drib_c + ade_c,Nucleotide Metabolism
5OXPROabcpp,5oxpro_p + atp_c + h2o_c --> 5oxpro_c + adp_c + h_c + pi_c,Transport Systems
5OXPROtex,5oxpro_e <=> 5oxpro_p,Transport Systems
6ATHAtexi,6atha_e --> 6atha_p,Transport Systems
6HNACMO,6hnac_c + 2.0 h_c + nadh_c + o2_c --> co2_c + dhpyr_c + h2o_c + nad_c,Aromatic Compound Degradation
6HNACt1pp,6hnac_p + h_p <=> 6hnac_c + h_c,Transport Systems
6HNACtex,6hnac_e <=> 6hnac_p,Transport Systems
A5PISO,ru5p__D_c <=> ara5p_c,Cell Envelope and Wall Biosynthesis
AAC24DABA,aac24dab_c + h2o_c --> 24dab_c + ac_c + h_c,Nitrogen Metabolism
AACOAT,acac_c + atp_c + coa_c --> aacoa_c + amp_c + ppi_c,Alternative Carbon Metabolism
AACTOOR,aact_c + h2o_c + o2_c --> h2o2_c + mthgxl_c + nh4_c,Amino Acid Metabolism
AADSACYCL,h2o_c + h_c + thp2c_c <=> L2aadp6sa_c,Amino Acid Metabolism
AALDCDLsi,2amsa_c + h_c --> aacald_c + co2_c,Amino Acid Metabolism
AASAD3,L2aadp6sa_c + h2o_c + nad_c --> L2aadp_c + 2.0 h_c + nadh_c,Amino Acid Metabolism
AATA,2oxoadp_c + glu__L_c <=> L2aadp_c + akg_c,Amino Acid Metabolism
ABTA,4abut_c + akg_c --> glu__L_c + sucsal_c,Amino Acid Metabolism
ABUTD,4abutn_c + h2o_c + nad_c --> 4abut_c + 2.0 h_c + nadh_c,Nitrogen Metabolism
ABUTt2pp,4abut_p + h_p --> 4abut_c + h_c,Transport Systems
ABUTtex,4abut_e <=> 4abut_p,Transport Systems
ACACT1r,2.0 accoa_c <=> aacoa_c + coa_c,Alternative Carbon Metabolism
ACACt2pp,acac_p + h_p <=> acac_c + h_c,Transport Systems
ACACtex,acac_e <=> acac_p,Transport Systems
ACALD,acald_c + coa_c + nad_c <=> accoa_c + h_c + nadh_c,Aromatic Compound Degradation
ACALDtex,acald_e <=> acald_p,Transport Systems
ACALDtpp,acald_p <=> acald_c,Transport Systems
ACBIPGT,adocbip_c + gtp_c + h_c --> agdpcbi_c + ppi_c,Cofactor and Vitamin Biosynthesis
ACCOAC,accoa_c + atp_c + hco3_c --> adp_c + h_c + malcoa_c + pi_c,Fatty Acid and Lipid Metabolism
ACGAMT,uacgam_c + udcpp_c --> ump_c + unaga_c,Cell Envelope and Wall Biosynthesis
ACGK,acglu_c + atp_c --> acg5p_c + adp_c,Amino Acid Metabolism
ACGS,accoa_c + glu__L_c --> acglu_c + coa_c + h_c,Amino Acid Metabolism
ACHBS,2obut_c + h_c + pyr_c --> 2ahbut_c + co2_c,Amino Acid Metabolism
ACLS,h_c + 2.0 pyr_c --> alac__S_c + co2_c,Cofactor and Vitamin Biosynthesis
ACOAD10f,fad_c + hptcoa_c <=> fadh2_c + hp2coa_c,Fatty Acid and Lipid Metabolism
ACOAD11f,fad_c + nonacoa_c <=> fadh2_c + nona2coa_c,Fatty Acid and Lipid Metabolism
ACOAD12f,fad_c + pdcacoa_c <=> fadh2_c + pdca2coa_c,Fatty Acid and Lipid Metabolism
ACOAD13f,fad_c + pnonacoa_c <=> fadh2_c + pnona2coa_c,Fatty Acid and Lipid Metabolism
ACOAD14f,fad_c + poctacoa_c <=> fadh2_c + pocta2coa_c,Fatty Acid and Lipid Metabolism
ACOAD15f,fad_c + phpcoa_c <=> fadh2_c + php2coa_c,Fatty Acid and Lipid Metabolism
ACOAD16f,fad_c + phxacoa_c <=> fadh2_c + phxa2coa_c,Fatty Acid and Lipid Metabolism
ACOAD17f,fad_c + pptcoa_c <=> fadh2_c + ppt2coa_c,Fatty Acid and Lipid Metabolism
ACOAD18f,fad_c + pbcoa_c <=> fadh2_c + pb2coa_c,Fatty Acid and Lipid Metabolism
ACOAD19f,fad_c + phppcoa_c <=> cinmcoa_c + fadh2_c,Fatty Acid and Lipid Metabolism
ACOAD1f,btcoa_c + fad_c <=> b2coa_c + fadh2_c,Fatty Acid and Lipid Metabolism
ACOAD20f,6athcoa_c + fad_c <=> 6ath2coa_c + fadh2_c,Fatty Acid and Lipid Metabolism
ACOAD21f,4atbcoa_c + fad_c <=> 4atb2coa_c + fadh2_c,Fatty Acid and Lipid Metabolism
ACOAD22f,fad_c + vacccoa_c <=> fadh2_c + vacc2coa_c,Fatty Acid and Lipid Metabolism
ACOAD23f,fad_c + hdcoa_c <=> fadh2_c + hd2coa_c,Fatty Acid and Lipid Metabolism
ACOAD24f,fad_c + tdecoa_c <=> fadh2_c + tde2coa_c,Fatty Acid and Lipid Metabolism
ACOAD25f,ddecoa_c + fad_c <=> dde2coa_c + fadh2_c,Fatty Acid and Lipid Metabolism
ACOAD26f,fad_c + odecoa_c <=> fadh2_c + ode2coa_c,Fatty Acid and Lipid Metabolism
ACOAD27f,fad_c + hdd7coa_c <=> fadh2_c + hdd7_2_coa_c,Fatty Acid and Lipid Metabolism
ACOAD28f,fad_c + tded5coa_c <=> fadh2_c + tded5_2_coa_c,Fatty Acid and Lipid Metabolism
ACOAD29f,fad_c + ptslacoa_c <=> fadh2_c + ptsla2coa_c,Fatty Acid and Lipid Metabolism
ACOAD2f,fad_c + hxcoa_c <=> fadh2_c + hx2coa_c,Fatty Acid and Lipid Metabolism
ACOAD30f,fad_c + hdd4coa_c <=> fadh2_c + hdd4_2_coa_c,Fatty Acid and Lipid Metabolism
ACOAD31f,fad_c + lnlccoa_c <=> fadh2_c + lnlc2coa_c,Fatty Acid and Lipid Metabolism
ACOAD32f,fad_c + hd_7_10_coa_c <=> fadh2_c + hd710_2_coa_c,Fatty Acid and Lipid Metabolism
ACOAD33f,fad_c + td_5_8_coa_c <=> fadh2_c + td58_2_coa_c,Fatty Acid and Lipid Metabolism
ACOAD34f,dec4coa_c + fad_c <=> dec4_2_coa_c + fadh2_c,Fatty Acid and Lipid Metabolism
ACOAD3f,fad_c + occoa_c <=> fadh2_c + oc2coa_c,Fatty Acid and Lipid Metabolism
ACOAD4f,dcacoa_c + fad_c <=> dc2coa_c + fadh2_c,Fatty Acid and Lipid Metabolism
ACOAD5f,ddcacoa_c + fad_c <=> dd2coa_c + fadh2_c,Fatty Acid and Lipid Metabolism
ACOAD6f,fad_c + tdcoa_c <=> fadh2_c + td2coa_c,Fatty Acid and Lipid Metabolism
ACOAD7f,fad_c + pmtcoa_c <=> fadh2_c + hdd2coa_c,Fatty Acid and Lipid Metabolism
ACOAD8f,fad_c + stcoa_c <=> fadh2_c + od2coa_c,Fatty Acid and Lipid Metabolism
ACOADH1,2mbcoa_c + fad_c --> 2mb2coa_c + fadh2_c,Amino Acid Metabolism
ACOADH2,2.0 ibcoa_c + o2_c --> 2.0 2mp2coa_c + 2.0 h2o_c,Amino Acid Metabolism
ACOATA,ACP_c + accoa_c <=> acACP_c + coa_c,Fatty Acid and Lipid Metabolism
ACODA,acorn_c + h2o_c --> ac_c + orn_c,Amino Acid Metabolism
ACONCt4pp,acon_C_p + na1_p --> acon_C_c + na1_c,Transport Systems
ACONCtex,acon_C_e <=> acon_C_p,Transport Systems
ACONIs,acon_T_c <=> acon_C_c,Alternative Carbon Metabolism
ACONMT,acon_T_c + amet_c --> aconm_c + ahcys_c,Alternative Carbon Metabolism
ACONTa,cit_c <=> acon_C_c + h2o_c,Central Carbon Metabolism
ACONTb,acon_C_c + h2o_c <=> icit_c,Central Carbon Metabolism
ACOTA,acorn_c + akg_c <=> acg5sa_c + glu__L_c,Amino Acid Metabolism
ACPPAT120,ddcaACP_c + h_c + pi_c --> ACP_c + ddcap_c,Fatty Acid and Lipid Metabolism
ACPPAT140,h_c + myrsACP_c + pi_c --> ACP_c + ttdcap_c,Fatty Acid and Lipid Metabolism
ACPPAT141,h_c + pi_c + tdeACP_c --> ACP_c + ttdceap_c,Fatty Acid and Lipid Metabolism
ACPPAT160,h_c + palmACP_c + pi_c --> ACP_c + hdcap_c,Fatty Acid and Lipid Metabolism
ACPPAT161,h_c + hdeACP_c + pi_c --> ACP_c + hdceap_c,Fatty Acid and Lipid Metabolism
ACPPAT180,h_c + ocdcaACP_c + pi_c --> ACP_c + ocdcap_c,Fatty Acid and Lipid Metabolism
ACPPAT181,h_c + octeACP_c + pi_c --> ACP_c + ocdceap_c,Fatty Acid and Lipid Metabolism
ACPS1,apoACP_c + coa_c --> ACP_c + h_c + pap_c,Cell Envelope and Wall Biosynthesis
ACS,ac_c + atp_c + coa_c --> accoa_c + amp_c + ppi_c,Central Carbon Metabolism
ACS2,atp_c + coa_c + ppa_c --> amp_c + ppcoa_c + ppi_c,Alternative Carbon Metabolism
ACSERtex,acser_e <=> acser_p,Transport Systems
ACSERtpp,acser_c --> acser_p,Transport Systems
ACSPHAC100,R_3hdcaa_c + atp_c + coa_c --> R_3hdcoa_c + amp_c + ppi_c,Cellular Processes and Storage
ACSPHAC101,R3hdec4e_c + atp_c + coa_c --> R3hdec4coa_c + amp_c + ppi_c,Cellular Processes and Storage
ACSPHAC120,R_3hdda_c + atp_c + coa_c --> R_3hddcoa_c + amp_c + ppi_c,Cellular Processes and Storage
ACSPHAC121,R_3hdd5ea_c + atp_c + coa_c --> R_3hcddec5ecoa_c + amp_c + ppi_c,Cellular Processes and Storage
ACSPHAC121d6,R_3hdd6e_c + atp_c + coa_c --> R_3hdd6coa_c + amp_c + ppi_c,Cellular Processes and Storage
ACSPHAC140,R_3httdca_c + atp_c + coa_c --> R_3hmrscoa_c + amp_c + ppi_c,Cellular Processes and Storage
ACSPHAC141,R_3hcmrs7e_c + atp_c + coa_c --> R_3hcmrs7ecoa_c + amp_c + ppi_c,Cellular Processes and Storage
ACSPHAC141d5,R_3htd5e_c + atp_c + coa_c --> R_3htd5coa_c + amp_c + ppi_c,Cellular Processes and Storage
ACSPHAC142,R_3htd58e_c + atp_c + coa_c --> R_3htd58coa_c + amp_c + ppi_c,Cellular Processes and Storage
ACSPHAC160,R_3hhdca_c + atp_c + coa_c --> R_3hhdcoa_c + amp_c + ppi_c,Cellular Processes and Storage
ACSPHAC40,atp_c + bhb_c + coa_c --> 3hbcoa__R_c + amp_c + ppi_c,Cellular Processes and Storage
ACSPHAC50,R_3hpt_c + atp_c + coa_c --> R_3hptcoa_c + amp_c + ppi_c,Cellular Processes and Storage
ACSPHAC60,R_3hhxa_c + atp_c + coa_c --> R_3hhcoa_c + amp_c + ppi_c,Cellular Processes and Storage
ACSPHAC70,R_3hhpa_c + atp_c + coa_c --> R_3hhpcoa_c + amp_c + ppi_c,Cellular Processes and Storage
ACSPHAC80,R_3hocta_c + atp_c + coa_c --> R_3hocoa_c + amp_c + ppi_c,Cellular Processes and Storage
ACSPHAC90,R_3hnonaa_c + atp_c + coa_c --> R_3hnonacoa_c + amp_c + ppi_c,Cellular Processes and Storage
ACSPHACP100,R_3hpdeca_c + atp_c + coa_c --> R_3hpdecacoa_c + amp_c + ppi_c,Cellular Processes and Storage
ACSPHACP40,R_3hpba_c + atp_c + coa_c --> R_3hpbcoa_c + amp_c + ppi_c,Cellular Processes and Storage
ACSPHACP50,R_3hppta_c + atp_c + coa_c --> R_3hpptcoa_c + amp_c + ppi_c,Cellular Processes and Storage
ACSPHACP60,R_3hphxa_c + atp_c + coa_c --> R_3hphxacoa_c + amp_c + ppi_c,Cellular Processes and Storage
ACSPHACP70,R_3hphpa_c + atp_c + coa_c --> R_3hphpcoa_c + amp_c + ppi_c,Cellular Processes and Storage
ACSPHACP80,R_3hpocta_c + atp_c + coa_c --> R_3hpoctacoa_c + amp_c + ppi_c,Cellular Processes and Storage
ACSPHACP90,R_3hpnona_c + atp_c + coa_c --> R_3hpnonacoa_c + amp_c + ppi_c,Cellular Processes and Storage
ACSPHACT40,R_3h4atba_c + atp_c + coa_c --> R_3h4atbcoa_c + amp_c + ppi_c,Cellular Processes and Storage
ACSPHACT60,R_3h6atha_c + atp_c + coa_c --> R_3h6athcoa_c + amp_c + ppi_c,Cellular Processes and Storage
ACTD2,actn__R_c + coa_c + nad_c --> acald_c + accoa_c + h_c + nadh_c,Alternative Carbon Metabolism
ACTNtex,actn__R_e <=> actn__R_p,Transport Systems
ACTNtpp,actn__R_p + h_p --> actn__R_c + h_c,Transport Systems
ACt2rpp,ac_p + h_p <=> ac_c + h_c,Transport Systems
ACt4pp,ac_p + na1_p --> ac_c + na1_c,Transport Systems
ACt5pp,ac_p + 2.0 h_p --> ac_c + 2.0 h_c,Transport Systems
ACtex,ac_e <=> ac_p,Transport Systems
ADA,adn_c + h2o_c + h_c --> ins_c + nh4_c,Nucleotide Metabolism
ADCL,4adcho_c --> 4abz_c + h_c + pyr_c,Cofactor and Vitamin Biosynthesis
ADCPS1,adcobhex_c + appl_c + atp_c --> adocbi_c + adp_c + h_c + pi_c,Cofactor and Vitamin Biosynthesis
ADCPS2,adcobhex_c + applp_c + atp_c --> adocbip_c + adp_c + h_c + pi_c,Cofactor and Vitamin Biosynthesis
ADCS,chor_c + gln__L_c --> 4adcho_c + glu__L_c,Cofactor and Vitamin Biosynthesis
ADCYRS,adcobdam_c + 4.0 atp_c + 4.0 gln__L_c + 4.0 h2o_c --> adcobhex_c + 4.0 adp_c + 4.0 glu__L_c + 4.0 h_c + 4.0 pi_c,Cofactor and Vitamin Biosynthesis
ADEt2rpp,ade_p + h_p <=> ade_c + h_c,Transport Systems
ADEtex,ade_e <=> ade_p,Transport Systems
ADK1,amp_c + atp_c <=> 2.0 adp_c,Nucleotide Metabolism
ADK3,amp_c + gtp_c <=> adp_c + gdp_c,Nucleotide Metabolism
ADK4,amp_c + itp_c <=> adp_c + idp_c,Nucleotide Metabolism
ADNCYC,atp_c --> camp_c + ppi_c,Nucleotide Metabolism
ADNK1,adn_c + atp_c --> adp_c + amp_c + h_c,Nucleotide Metabolism
ADNUC,adn_c + h2o_c --> ade_c + rib__D_c,Nucleotide Metabolism
ADNtex,adn_e <=> adn_p,Transport Systems
ADOCBIK,adocbi_c + atp_c --> adocbip_c + adp_c + h_c,Cofactor and Vitamin Biosynthesis
ADOCBLS,agdpcbi_c + rdmbzi_c --> adocbl_c + gmp_c + h_c,Cofactor and Vitamin Biosynthesis
ADOCBLabcpp,adocbl_p + atp_c + h2o_c --> adocbl_c + adp_c + h_c + pi_c,Transport Systems
ADOCBLtonex,adocbl_e + h_p --> adocbl_p + h_c,Transport Systems
ADPRDP,adprib_c + h2o_c --> amp_c + 2.0 h_c + r5p_c,Nucleotide Metabolism
ADPT,ade_c + prpp_c --> amp_c + ppi_c,Nucleotide Metabolism
ADSELK,adsel_c + atp_c --> 3padsel_c + adp_c + h_c,Metal and Inorganic Metabolism
ADSELR,3padsel_c + trdrd_c --> 2.0 h_c + pap_c + slnt_c + trdox_c,Metal and Inorganic Metabolism
ADSELR2,3padsel_c + grxrd_c --> grxox_c + 2.0 h_c + pap_c + slnt_c,Metal and Inorganic Metabolism
ADSK,aps_c + atp_c --> adp_c + h_c + paps_c,Metal and Inorganic Metabolism
ADSL1r,dcamp_c <=> amp_c + fum_c,Nucleotide Metabolism
ADSL2r,25aics_c <=> aicar_c + fum_c,Nucleotide Metabolism
ADSS,asp__L_c + gtp_c + imp_c --> dcamp_c + gdp_c + 2.0 h_c + pi_c,Nucleotide Metabolism
AEPabcpp,2ameph_p + atp_c + h2o_c --> 2ameph_c + adp_c + h_c + pi_c,Transport Systems
AEPTA,2ameph_c + pyr_c <=> ala__L_c + pald_c,Metal and Inorganic Metabolism
AEPtpp,2ameph_e <=> 2ameph_p,Transport Systems
AGM3PA,anhgm3p_c + h2o_c --> LalaDgluMdap_c + anhgm_c,Cell Envelope and Wall Biosynthesis
AGM3PApp,anhgm3p_p + h2o_p --> LalaDgluMdap_p + anhgm_p,Cell Envelope and Wall Biosynthesis
AGM3PH,anhgm3p_c + h2o_c --> acgam_c + anhm3p_c,Cell Envelope and Wall Biosynthesis
AGM3Pt2pp,anhgm3p_p + h_p --> anhgm3p_c + h_c,Transport Systems
AGM4PA,anhgm4p_c + h2o_c --> LalaDgluMdapDala_c + anhgm_c,Cell Envelope and Wall Biosynthesis
AGM4PApp,anhgm4p_p + h2o_p --> LalaDgluMdapDala_p + anhgm_p,Cell Envelope and Wall Biosynthesis
AGM4PCP,anhgm4p_c + h2o_c --> ala__D_c + anhgm3p_c,Cell Envelope and Wall Biosynthesis
AGM4PCPpp,anhgm4p_p + h2o_p --> ala__D_p + anhgm3p_p,Cell Envelope and Wall Biosynthesis
AGM4PH,anhgm4p_c + h2o_c --> acgam_c + anhm4p_c,Cell Envelope and Wall Biosynthesis
AGM4Pt2pp,anhgm4p_p + h_p --> anhgm4p_c + h_c,Transport Systems
AGMDA,agm_c + h2o_c --> Ncbmpts_c + h_c + nh4_c,Amino Acid Metabolism
AGMH,anhgm_c + h2o_c --> acgam_c + anhm_c,Cell Envelope and Wall Biosynthesis
AGMHE,adphep_DD_c --> adphep_LD_c,Cell Envelope and Wall Biosynthesis
AGMT,agm_c + h2o_c --> ptrc_c + urea_c,Amino Acid Metabolism
AGMabcpp,agm_p + atp_c + h2o_c --> adp_c + agm_c + h_c + pi_c,Transport Systems
AGMt2pp,anhgm_p + h_p --> anhgm_c + h_c,Transport Systems
AGMtex,agm_e <=> agm_p,Transport Systems
AGPAT120,1ddecg3p_c + ddcaACP_c --> ACP_c + pa120_c,Fatty Acid and Lipid Metabolism
AGPAT140,1tdecg3p_c + myrsACP_c --> ACP_c + pa140_c,Fatty Acid and Lipid Metabolism
AGPAT141,1tdec7eg3p_c + tdeACP_c --> ACP_c + pa141_c,Fatty Acid and Lipid Metabolism
AGPAT160,1hdecg3p_c + palmACP_c --> ACP_c + pa160_c,Fatty Acid and Lipid Metabolism
AGPAT161,1hdec9eg3p_c + hdeACP_c --> ACP_c + pa161_c,Fatty Acid and Lipid Metabolism
AGPAT180,1odecg3p_c + ocdcaACP_c --> ACP_c + pa180_c,Fatty Acid and Lipid Metabolism
AGPAT181,1odec11eg3p_c + octeACP_c --> ACP_c + pa181_c,Fatty Acid and Lipid Metabolism
AGPR,acg5sa_c + nadp_c + pi_c <=> acg5p_c + h_c + nadph_c,Amino Acid Metabolism
AGt3,ag_c + h_e --> ag_e + h_c,Metal and Inorganic Metabolism
AGtex,ag_e <=> ag_p,Transport Systems
AGtpp,ag_p --> ag_c,Transport Systems
AHC,ahcys_c + h2o_c <=> adn_c + hcys__L_c,Central Carbon Metabolism
AHSERL2,achms_c + h2s_c --> ac_c + h_c + hcys__L_c,Amino Acid Metabolism
AICART,10fthf_c + aicar_c <=> fprica_c + thf_c,Nucleotide Metabolism
AIRC2,air_c + atp_c + hco3_c --> 5caiz_c + adp_c + h_c + pi_c,Nucleotide Metabolism
AIRC3,5aizc_c <=> 5caiz_c,Nucleotide Metabolism
AKGDH,akg_c + coa_c + nad_c --> co2_c + nadh_c + succoa_c,Central Carbon Metabolism
AKGDa,akg_c + h_c + lpam_c --> co2_c + sdhlam_c,Central Carbon Metabolism
AKGDbr,coa_c + sdhlam_c <=> dhlam_c + succoa_c,Central Carbon Metabolism
AKGt2rpp,akg_p + h_p <=> akg_c + h_c,Transport Systems
AKGtex,akg_e <=> akg_p,Transport Systems
ALAALAabcpp,alaala_p + atp_c + h2o_c --> adp_c + alaala_c + h_c + pi_c,Transport Systems
ALAALAr,2.0 ala__D_c + atp_c <=> adp_c + alaala_c + h_c + pi_c,Cell Envelope and Wall Biosynthesis
ALAALAtex,alaala_e <=> alaala_p,Transport Systems
ALAGLUabcpp,LalaLglu_p + atp_c + h2o_c --> LalaLglu_c + adp_c + h_c + pi_c,Transport Systems
ALAHISabcpp,alahis_p + atp_c + h2o_c --> adp_c + alahis_c + h_c + pi_c,Transport Systems
ALAHIStex,alahis_e <=> alahis_p,Transport Systems
ALALEUabcpp,alaleu_p + atp_c + h2o_c --> adp_c + alaleu_c + h_c + pi_c,Transport Systems
ALALEUtex,alaleu_e <=> alaleu_p,Transport Systems
ALAR,ala__L_c <=> ala__D_c,Amino Acid Metabolism
ALATA_L,akg_c + ala__L_c <=> glu__L_c + pyr_c,Amino Acid Metabolism
ALATHRabcpp,alathr_p + atp_c + h2o_c --> adp_c + alathr_c + h_c + pi_c,Transport Systems
ALATHRtex,alathr_e <=> alathr_p,Transport Systems
ALATRPabcpp,alatrp_p + atp_c + h2o_c --> adp_c + alatrp_c + h_c + pi_c,Transport Systems
ALATRPtex,alatrp_e <=> alatrp_p,Transport Systems
ALATRS,ala__L_c + atp_c + trnaala_c --> alatrna_c + amp_c + ppi_c,Cellular Processes and Storage
ALAabcpp,ala__L_p + atp_c + h2o_c --> adp_c + ala__L_c + h_c + pi_c,Transport Systems
ALAt2pp,ala__L_p + h_p --> ala__L_c + h_c,Transport Systems
ALAt4pp,ala__L_p + na1_p --> ala__L_c + na1_c,Transport Systems
ALAtex,ala__L_e <=> ala__L_p,Transport Systems
ALCD19,glyald_c + h_c + nadh_c <=> glyc_c + nad_c,Fatty Acid and Lipid Metabolism
ALCD2x,etoh_c + nad_c <=> acald_c + h_c + nadh_c,Alternative Carbon Metabolism
ALCDpp,etoh_p + pqq_p --> acald_p + pqqh2_p,Alternative Carbon Metabolism
ALDD1,fald_c + h2o_c + nad_c --> for_c + 2.0 h_c + nadh_c,Cellular Processes and Storage
ALDD19xr,h2o_c + nad_c + pacald_c --> 2.0 h_c + nadh_c + pac_c,Aromatic Compound Degradation
ALDD20x,h2o_c + id3acald_c + nad_c --> 2.0 h_c + ind3ac_c + nadh_c,Stress Response and Environmental Adaptation
ALDD2x,acald_c + h2o_c + nad_c --> ac_c + 2.0 h_c + nadh_c,Alternative Carbon Metabolism
ALDD31,aacald_c + h2o_c + nad_c --> gly_c + 2.0 h_c + nadh_c,Metal and Inorganic Metabolism
ALDD3y,h2o_c + nadp_c + ppal_c --> 2.0 h_c + nadph_c + ppa_c,Cofactor and Vitamin Biosynthesis
ALDD4,btal_c + h2o_c + nad_c --> but_c + 2.0 h_c + nadh_c,Metal and Inorganic Metabolism
ALGAC1,accoa_c + prealginate__M_p --> coa_c + prealgac_M1_p,Cellular Processes and Storage
ALGAC2,2.0 accoa_c + prealginate__M_p --> 2.0 coa_c + prealgac_M2_p,Cellular Processes and Storage
ALGAC3,3.0 accoa_c + prealginate__M_p --> 3.0 coa_c + prealgac_M3_p,Cellular Processes and Storage
ALGAC4,4.0 accoa_c + prealginate__M_p --> 4.0 coa_c + prealgac_M4_p,Cellular Processes and Storage
ALGAC5,5.0 accoa_c + prealginate__M_p --> algac__M_p + 5.0 coa_c,Cellular Processes and Storage
ALGE1,prealginate__M_p <=> prealg_MG_41_p,Cellular Processes and Storage
ALGE2,prealginate__M_p <=> prealg_MG_32_p,Cellular Processes and Storage
ALGE3,prealginate__M_p <=> prealg_MG_23_p,Cellular Processes and Storage
ALGE4,prealginate__M_p <=> prealg_MG_14_p,Cellular Processes and Storage
ALGE5,prealginate__M_p <=> prealginate__G_p,Cellular Processes and Storage
ALGE6,prealgac_M4_p <=> algac_MG_41_p,Cellular Processes and Storage
ALGE7,prealgac_M3_p <=> algac_MG_32_p,Cellular Processes and Storage
ALGE8,prealgac_M2_p <=> algac_MG_23_p,Cellular Processes and Storage
ALGE9,prealgac_M1_p <=> algac_MG_14_p,Cellular Processes and Storage
ALGL,4.0 h2o_p + prealginate__M_p --> 5.0 manur_p,Cellular Processes and Storage
ALGL2,h2o_p + prealginate__M_p --> dmanur_p + tmanur_p,Cellular Processes and Storage
ALGSex1,prealg_MG_41_p --> prealg_MG_41_e,Cellular Processes and Storage
ALGSex10,algac_MG_14_p --> algac_MG_14_e,Cellular Processes and Storage
ALGSex11,manur_p --> manur_e,Cellular Processes and Storage
ALGSex12,dmanur_p --> dmanur_e,Cellular Processes and Storage
ALGSex13,tmanur_p --> tmanur_e,Cellular Processes and Storage
ALGSex2,prealg_MG_32_p --> prealg_MG_32_e,Cellular Processes and Storage
ALGSex3,prealg_MG_23_p --> prealg_MG_23_e,Cellular Processes and Storage
ALGSex4,prealg_MG_14_p --> prealg_MG_14_e,Cellular Processes and Storage
ALGSex5,prealginate__G_p --> prealginate__G_e,Cellular Processes and Storage
ALGSex6,algac__M_p --> algac__M_e,Cellular Processes and Storage
ALGSex7,algac_MG_41_p --> algac_MG_41_e,Cellular Processes and Storage
ALGSex8,algac_MG_32_p --> algac_MG_32_e,Cellular Processes and Storage
ALGSex9,algac_MG_23_p --> algac_MG_23_e,Cellular Processes and Storage
ALLTAMH,alltt_c + 2.0 h2o_c + 2.0 h_c --> co2_c + 2.0 nh4_c + urdglyc_c,Nucleotide Metabolism
ALLTN,alltn_c + h2o_c --> alltt_c + h_c,Nucleotide Metabolism
ALLTNRA,alltn__R_c <=> alltn_c,Nucleotide Metabolism
ALLTNt2rpp,alltn_p + h_p <=> alltn_c + h_c,Transport Systems
ALLTNtex,alltn_e <=> alltn_p,Transport Systems
ALPATE160pp,alpp_p + pe160_p --> 2agpe160_p + lpp_p,Fatty Acid and Lipid Metabolism
ALPATE161pp,alpp_p + pe161_p --> 2agpe161_p + lpp161_p,Fatty Acid and Lipid Metabolism
ALPATE180pp,alpp_p + pe180_p --> 2agpe180_p + lpp180_p,Fatty Acid and Lipid Metabolism
ALPATE181pp,alpp_p + pe181_p --> 2agpe181_p + lpp181_p,Fatty Acid and Lipid Metabolism
ALPATG160pp,alpp_p + pg160_p --> 2agpg160_p + lpp_p,Fatty Acid and Lipid Metabolism
ALPATG161pp,alpp_p + pg161_p --> 2agpg161_p + lpp161_p,Fatty Acid and Lipid Metabolism
ALPATG180pp,alpp_p + pg180_p --> 2agpg180_p + lpp180_p,Fatty Acid and Lipid Metabolism
ALPATG181pp,alpp_p + pg181_p --> 2agpg181_p + lpp181_p,Fatty Acid and Lipid Metabolism
ALTRH,altrn_c --> 2ddglcn_c + h2o_c,Alternative Carbon Metabolism
AM3PA,anhm3p_c + h2o_c --> LalaDgluMdap_c + anhm_c,Cell Envelope and Wall Biosynthesis
AM4PA,anhm4p_c + h2o_c --> LalaDgluMdapDala_c + anhm_c,Cell Envelope and Wall Biosynthesis
AM4PCP,anhm4p_c + h2o_c --> ala__D_c + anhm3p_c,Cell Envelope and Wall Biosynthesis
AMAOTr,8aonn_c + amet_c <=> amob_c + dann_c,Cofactor and Vitamin Biosynthesis
AMID4,ad_c + h2o_c --> ac_c + nh4_c,Nitrogen Metabolism
AMPMS2,air_c + h2o_c + nad_c --> 4ampm_c + 2.0 for_c + 3.0 h_c + nadh_c,Cofactor and Vitamin Biosynthesis
AMPN,amp_c + h2o_c --> ade_c + r5p_c,Nucleotide Metabolism
AMPTASEAH,alahis_c + h2o_c --> ala__L_c + his__L_c,Nitrogen Metabolism
AMPTASEAL,alaleu_c + h2o_c --> ala__L_c + leu__L_c,Nitrogen Metabolism
AMPTASEAT,alathr_c + h2o_c --> ala__L_c + thr__L_c,Nitrogen Metabolism
AMPTASEATRP,alatrp_c + h2o_c --> ala__L_c + trp__L_c,Nitrogen Metabolism
AMPTASECG,cgly_c + h2o_c --> cys__L_c + gly_c,Nitrogen Metabolism
GLYGLYCNc,glygly_c + h2o_c --> 2.0 gly_c,Nitrogen Metabolism
AMPTASEGGLN,glygln_c + h2o_c --> gln__L_c + gly_c,Nitrogen Metabolism
AMPTASEGGLU,glyglu_c + h2o_c --> glu__L_c + gly_c,Nitrogen Metabolism
AMPTASEGM,glymet_c + h2o_c --> gly_c + met__L_c,Nitrogen Metabolism
GLYPHEHYc,glyphe_c + h2o_c --> gly_c + phe__L_c,Nitrogen Metabolism
AMPTASEGS,glyser_c + h2o_c --> gly_c + ser__L_c,Nitrogen Metabolism
AMPTASEHG,h2o_c + hisgly_c --> gly_c + his__L_c,Nitrogen Metabolism
AMPTASEHH,h2o_c + hishis_c --> 2.0 his__L_c,Nitrogen Metabolism
LEULEULAPc,h2o_c + leuleu_c --> 2.0 leu__L_c,Nitrogen Metabolism
AMPTASEPG,h2o_c + progly_c --> gly_c + pro__L_c,Nitrogen Metabolism
ANHMK,anhm_c + atp_c + h2o_c --> acmum6p_c + adp_c + h_c,Cell Envelope and Wall Biosynthesis
ANPRT,anth_c + prpp_c --> ppi_c + pran_c,Amino Acid Metabolism
ANS,chor_c + gln__L_c --> anth_c + glu__L_c + h_c + pyr_c,Amino Acid Metabolism
ANS2,chor_c + nh4_c --> anth_c + h2o_c + h_c + pyr_c,Amino Acid Metabolism
AOBUTDs,2aobut_c + h_c --> aact_c + co2_c,Amino Acid Metabolism
AOXHEXCYCL,6a2ohxnt_c <=> 1pipdn2c_c + h2o_c,Amino Acid Metabolism
AOXSr2,ala__L_c + pimACP_c --> 8aonn_c + ACP_c + co2_c,Cofactor and Vitamin Biosynthesis
AP4AH,ap4a_c + h2o_c --> 2.0 adp_c + 2.0 h_c,Nucleotide Metabolism
AP4AS,2.0 atp_c + h_c --> ap4a_c + ppi_c,Nucleotide Metabolism
APATr,ala_B_c + pyr_c <=> ala__L_c + msa_c,Nitrogen Metabolism
APCt5,apc_c + h_p --> apc_e + h_c,Transport Systems
APCt6,apc_p + h_p --> apc_e + h_c,Transport Systems
APCtex,apc_e <=> apc_p,Transport Systems
APCtpp,apc_p --> apc_c,Transport Systems
APENTAMAH2,5apentam_c + h2o_c + h_c --> 5aptn_c + nh4_c,Amino Acid Metabolism
APG3PAT120,ddcap_c + glyc3p_c --> 1ddecg3p_c + h_c + pi_c,Fatty Acid and Lipid Metabolism
APG3PAT140,glyc3p_c + ttdcap_c --> 1tdecg3p_c + h_c + pi_c,Fatty Acid and Lipid Metabolism
APG3PAT141,glyc3p_c + ttdceap_c --> 1tdec7eg3p_c + h_c + pi_c,Fatty Acid and Lipid Metabolism
APG3PAT160,glyc3p_c + hdcap_c --> 1hdecg3p_c + h_c + pi_c,Fatty Acid and Lipid Metabolism
APG3PAT161,glyc3p_c + hdceap_c --> 1hdec9eg3p_c + h_c + pi_c,Fatty Acid and Lipid Metabolism
APG3PAT180,glyc3p_c + ocdcap_c --> 1odecg3p_c + h_c + pi_c,Fatty Acid and Lipid Metabolism
APG3PAT181,glyc3p_c + ocdceap_c --> 1odec11eg3p_c + h_c + pi_c,Fatty Acid and Lipid Metabolism
APPLDHr,aact_c + h_c + nadh_c <=> appl_c + nad_c,Cofactor and Vitamin Biosynthesis
APRAUR,5apru_c + h_c + nadph_c --> 5aprbu_c + nadp_c,Cofactor and Vitamin Biosynthesis
APSR,aps_c + trdrd_c --> amp_c + 2.0 h_c + so3_c + trdox_c,Metal and Inorganic Metabolism
APSR2,aps_c + grxrd_c --> amp_c + grxox_c + 2.0 h_c + so3_c,Metal and Inorganic Metabolism
APTNAT,5aptn_c + akg_c <=> glu__L_c + oxptn_c,Amino Acid Metabolism
ARBTNR1,2.0 arbtn_fe3_c + fadh2_c --> 2.0 arbtn_c + fad_c + 2.0 fe2_c + 2.0 h_c,Metal and Inorganic Metabolism
ARBTNR2,2.0 arbtn_fe3_c + fmnh2_c --> 2.0 arbtn_c + 2.0 fe2_c + fmn_c + 2.0 h_c,Metal and Inorganic Metabolism
ARBTNabcpp,arbtn_fe3_p + atp_c + h2o_c --> adp_c + arbtn_fe3_c + h_c + pi_c,Metal and Inorganic Metabolism
ARBTNexs,arbtn_e + fe3_e --> arbtn_fe3_e,Metal and Inorganic Metabolism
ARBTNtex,arbtn_p + h_p --> arbtn_e + h_c,Metal and Inorganic Metabolism
ARBTNtonex,arbtn_fe3_e + h_p --> arbtn_fe3_p + h_c,Metal and Inorganic Metabolism
ARBTNtpp,arbtn_c + h_p --> arbtn_p + h_c,Metal and Inorganic Metabolism
ARBt3ipp,arab__L_c + h_p --> arab__L_p + h_c,Transport Systems
ARGDr,arg__L_c + h2o_c --> citr__L_c + nh4_c,Amino Acid Metabolism
ARGDC,arg__L_c + h_c --> agm_c + co2_c,Amino Acid Metabolism
ARGDCpp,arg__L_p + h_p --> agm_p + co2_p,Amino Acid Metabolism
ARGORNt7pp,arg__L_p + orn_c <=> arg__L_c + orn_p,Transport Systems
ARGSL,argsuc_c <=> arg__L_c + fum_c,Amino Acid Metabolism
ARGSS,asp__L_c + atp_c + citr__L_c --> amp_c + argsuc_c + h_c + ppi_c,Amino Acid Metabolism
ARGTRS,arg__L_c + atp_c + trnaarg_c --> amp_c + argtrna_c + ppi_c,Cellular Processes and Storage
ARGabcpp,arg__L_p + atp_c + h2o_c --> adp_c + arg__L_c + h_c + pi_c,Transport Systems
ARGt2pp,arg__L_p + h_p --> arg__L_c + h_c,Transport Systems
ARGtex,arg__L_e <=> arg__L_p,Transport Systems
AROH,Largn_c --> co2_c + h2o_c + phe__L_c,Amino Acid Metabolism
ARUH,arg__L_c + pyr_c <=> 5g2oxpt_c + ala__L_c,Amino Acid Metabolism
ASAD,aspsa_c + nadp_c + pi_c <=> 4pasp_c + h_c + nadph_c,Amino Acid Metabolism
ASNN,asn__L_c + h2o_c --> asp__L_c + nh4_c,Amino Acid Metabolism
ASNNpp,asn__L_p + h2o_p --> asp__L_p + nh4_p,Amino Acid Metabolism
ASNS1,asp__L_c + atp_c + gln__L_c + h2o_c --> amp_c + asn__L_c + glu__L_c + h_c + ppi_c,Amino Acid Metabolism
ASNtex,asn__L_e <=> asn__L_p,Transport Systems
ASO3t2pp,aso3_c + h_p --> aso3_p + h_c,Metal and Inorganic Metabolism
ASO3tex,aso3_e <=> aso3_p,Transport Systems
ASO4rt2rpp,aso4_p + h_p --> aso4_c + h_c,Transport Systems
ASO4tex,aso4_e <=> aso4_p,Transport Systems
ASP3H,akg_c + asp__L_c + o2_c --> 3hasp__L_c + co2_c + succ_c,Metal and Inorganic Metabolism
ASPCT,asp__L_c + cbp_c --> cbasp_c + h_c + pi_c,Nucleotide Metabolism
ASPK,asp__L_c + atp_c <=> 4pasp_c + adp_c,Amino Acid Metabolism
ASPO1,asp__L_c + h2o_c + o2_c --> h2o2_c + nh4_c + oaa_c,Cofactor and Vitamin Biosynthesis
ASPO3,asp__L_c + q8_c --> h_c + iasp_c + q8h2_c,Cofactor and Vitamin Biosynthesis
ASPO5,asp__L_c + fum_c --> h_c + iasp_c + succ_c,Cofactor and Vitamin Biosynthesis
ASPO6,asp__L_c + o2_c --> h2o2_c + h_c + iasp_c,Cofactor and Vitamin Biosynthesis
ASPSALy,aspsa_c + h2o_c + nadp_c --> asp__L_c + 2.0 h_c + nadph_c,Nitrogen Metabolism
ASPT,asp__L_c --> fum_c + nh4_c,Amino Acid Metabolism
ASPTA,akg_c + asp__L_c <=> glu__L_c + oaa_c,Amino Acid Metabolism
ASPTRS,asp__L_c + atp_c + trnaasp_c --> amp_c + asptrna_c + ppi_c,Cellular Processes and Storage
ASPabcpp,asp__L_p + atp_c + h2o_c --> adp_c + asp__L_c + h_c + pi_c,Transport Systems
ASPt2pp,asp__L_p + h_p --> asp__L_c + h_c,Transport Systems
ASPtex,asp__L_e <=> asp__L_p,Transport Systems
ASR,aso4_c + 2.0 gthrd_c --> aso3_c + gthox_c + h2o_c,Metal and Inorganic Metabolism
AST,arg__L_c + succoa_c --> coa_c + h_c + sucarg_c,Amino Acid Metabolism
ATHRDHr,athr__L_c + nadp_c <=> 2aobut_c + h_c + nadph_c,Amino Acid Metabolism
ATPHs,atp_c + h2o_c + h_c --> itp_c + nh4_c,Nucleotide Metabolism
ATPM,atp_c + h2o_c --> adp_c + h_c + pi_c,Core Cellular Functions
ATPPRT,atp_c + prpp_c --> ppi_c + prbatp_c,Amino Acid Metabolism
ATPS4rpp,adp_c + 4.0 h_p + pi_c <=> atp_c + h2o_c + 3.0 h_c,Energy Metabolism
BACCL,atp_c + btn_c + h_c --> btamp_c + ppi_c,Cofactor and Vitamin Biosynthesis
BALAALAabcpp,atp_c + balaala_p + h2o_c --> adp_c + balaala_c + h_c + pi_c,Transport Systems
BALAALAtex,balaala_e <=> balaala_p,Transport Systems
BALABALAabcpp,atp_c + balabala_p + h2o_c --> adp_c + balabala_c + h_c + pi_c,Transport Systems
BALABALAtex,balabala_e <=> balabala_p,Transport Systems
BALAGLYabcpp,atp_c + balagly_p + h2o_c --> adp_c + balagly_c + h_c + pi_c,Transport Systems
BALAGLYtex,balagly_e <=> balagly_p,Transport Systems
BALALEUabcpp,atp_c + balaleu_p + h2o_c --> adp_c + balaleu_c + h_c + pi_c,Transport Systems
BALALEUtex,balaleu_e <=> balaleu_p,Transport Systems
BALAMDAH,balamd_c + h2o_c --> ala_B_c + nh4_c,Nitrogen Metabolism
BALAt2pp,ala_B_p + h_p --> ala_B_c + h_c,Transport Systems
BALAtex,ala_B_e <=> ala_B_p,Transport Systems
BDH,bhb_c + nad_c <=> acac_c + h_c + nadh_c,Alternative Carbon Metabolism
BETALDHx,betald_c + h2o_c + nad_c --> glyb_c + 2.0 h_c + nadh_c,Nitrogen Metabolism
BETALDHy,betald_c + h2o_c + nadp_c --> glyb_c + 2.0 h_c + nadph_c,Nitrogen Metabolism
BGLApp,cellb_p + h2o_p --> 2.0 glc__D_p,Cell Envelope and Wall Biosynthesis
BHBtpp,bhb_p + h_p --> bhb_c + h_c,Transport Systems
BILIVERDtex,biliverd_e <=> biliverd_p,Transport Systems
BILIVERDtpp,biliverd_p <=> biliverd_c,Transport Systems
BLAMDabcpp,atp_c + balamd_p + h2o_c --> adp_c + balamd_c + h_c + pi_c,Transport Systems
BLAMDtex,balamd_e <=> balamd_p,Transport Systems
BLUB,fmnh2_c + h2o_c + o2_c --> dmbzid_c + doxopa_c + e4p_c + urea_c,Cofactor and Vitamin Biosynthesis
BMOCOS,moco_c + mptamp_c --> amp_c + bmoco_c + cu2_c,Cofactor and Vitamin Biosynthesis
BMOGDS1,bmoco_c + gtp_c + h_c --> bmoco1gdp_c + ppi_c,Cofactor and Vitamin Biosynthesis
BMOGDS2,bmoco1gdp_c + gtp_c + h_c --> bmocogdp_c + ppi_c,Cofactor and Vitamin Biosynthesis
BPNT,h2o_c + pap_c --> amp_c + pi_c,Metal and Inorganic Metabolism
BTDD_RR,btd_RR_c + nad_c <=> actn__R_c + h_c + nadh_c,Alternative Carbon Metabolism
BTDDtex,btd_RR_e <=> btd_RR_p,Transport Systems
BTDDtpp,btd_RR_p <=> btd_RR_c,Transport Systems
BTNt2ipp,btn_p + h_p --> btn_c + h_c,Transport Systems
BTNtex,btn_e <=> btn_p,Transport Systems
BTS5,2fe2s_c + amet_c + dtbt_c --> 2fe1s_c + btn_c + dad_5_c + h_c + met__L_c,Cofactor and Vitamin Biosynthesis
BUP,3uib_c + h2o_c + 2.0 h_c --> 3aib_c + co2_c + nh4_c,Nucleotide Metabolism
BUTSO3abcpp,atp_c + butso3_p + h2o_c --> adp_c + butso3_c + h_c + pi_c,Transport Systems
BUTSO3tex,butso3_e <=> butso3_p,Transport Systems
BWCOGDS1,bwco_c + gtp_c + h_c --> bwco1gdp_c + ppi_c,Cofactor and Vitamin Biosynthesis
BWCOGDS2,bwco1gdp_c + gtp_c + h_c --> bwcogdp_c + ppi_c,Cofactor and Vitamin Biosynthesis
BWCOS,mptamp_c + wco_c --> amp_c + bwco_c + cu2_c,Cofactor and Vitamin Biosynthesis
BZ12DOX,bz_c + h_c + nadh_c + o2_c --> bz12diol_c + nad_c,Aromatic Compound Degradation
BZALDH,bzalc_c + nad_c --> bzal_c + h_c + nadh_c,Aromatic Compound Degradation
BZDH,bzal_c + h2o_c + nad_c --> bz_c + 2.0 h_c + nadh_c,Aromatic Compound Degradation
BZDIOLDH,bz12diol_c + nad_c --> catechol_c + co2_c + nadh_c,Aromatic Compound Degradation
BZt1pp,bz_p + h_p <=> bz_c + h_c,Transport Systems
BZt2_pp,bz_p + 2.0 h_p --> bz_c + 2.0 h_c,Transport Systems
BZtex,bz_e <=> bz_p,Transport Systems
BiomassKT2440_Core2,0.000223 10fthf_c + 0.000223 2fe2s_c + 0.000223 4fe4s_c + 0.000223 5mthf_c + 0.000279 accoa_c + 0.598267 ala__L_c + 0.000223 amet_c + 0.354251 arg__L_c + 0.158931 asn__L_c + 0.284685 asp__L_c + 46.918883 atp_c + 0.000223 btamp_c + 0.004226 ca2_c + 0.000223 chor_c + 0.004226 cl_c + 0.000167 coa_c + 0.002817 cobalt2_c + 0.159783 ctp_c + 0.002817 cu2_c + 0.055652 cys__L_c + 0.010804 datp_c + 0.01721 dctp_c + 0.017423 dgtp_c + 0.010854 dttp_c + 0.000223 fad_c + 0.00634 fe2_c + 0.00634 fe3_c + 0.251507 gln__L_c + 0.301809 glu__L_c + 0.431309 gly_c + 0.210704 gtp_c + 41.397362 h2o_c + 0.000223 hemeO_c + 0.126289 his__L_c + 0.244551 ile__L_c + 0.158509 k_c + 0.628769 leu__L_c + 3e-06 lipopb_c + 0.180336 lys__L_c + 3.1e-05 malcoa_c + 0.122008 met__L_c + 0.007044 mg2_c + 0.000223 mlthf_c + 0.002817 mobd_c + 0.012699 murein5px4p_p + 0.003522 na1_c + 0.001786 nad_c + 4.4e-05 nadh_c + 0.000111 nadp_c + 0.000335 nadph_c + 0.010567 nh4_c + 0.002817 ni2_c + 0.00858 pe160_c + 0.042623 pe161_c + 0.002855 pe180_c + 0.019426 pe181_c + 0.004743 pg160_c + 0.023561 pg161_c + 0.001578 pg180_c + 0.010738 pg181_c + 0.191038 phe__L_c + 0.000223 pheme_c + 0.011635 phethapphlipa_c + 0.26328 pro__L_c + 0.03327 ptrc_c + 0.000223 pydx5p_c + 0.000223 q8h2_c + 0.000223 ribflv_c + 0.301274 ser__L_c + 0.000223 sheme_c + 0.003522 so4_c + 9.8e-05 succoa_c + 0.000223 thf_c + 0.256324 thr__L_c + 0.077592 trp__L_c + 0.135921 tyr__L_c + 5.5e-05 udcpdp_c + 0.143215 utp_c + 0.389034 val__L_c + 0.002817 zn2_c --> 46.7502 adp_c + 46.7502 h_c + 46.746677 pi_c + 0.73868 ppi_c,Amino Acid Metabolism
BiomassKT2440_WT3,0.000223 10fthf_c + 0.000223 2fe2s_c + 0.000223 4fe4s_c + 0.000223 5mthf_c + 0.000279 accoa_c + 0.000223 adocbl_c + 0.598267 ala__L_c + 0.000223 amet_c + 0.354251 arg__L_c + 0.158931 asn__L_c + 0.284685 asp__L_c + 46.918883 atp_c + 0.000223 bmocogdp_c + 0.000223 btamp_c + 0.004226 ca2_c + 0.000223 chor_c + 0.004226 cl_c + 1.8e-05 clpn140_p + 0.000578 clpn160_p + 0.002873 clpn161_p + 0.000192 clpn180_p + 0.001309 clpn181_p + 0.000167 coa_c + 0.002817 cobalt2_c + 0.00041 cpe160_c + 0.000226 cpg160_c + 0.159783 ctp_c + 0.002817 cu2_c + 0.055652 cys__L_c + 0.010804 datp_c + 0.01721 dctp_c + 0.017423 dgtp_c + 0.010854 dttp_c + 0.000223 fad_c + 0.00634 fe2_c + 0.00634 fe3_c + 0.251507 gln__L_c + 0.301809 glu__L_c + 0.431309 gly_c + 0.000223 gthrd_c + 0.210704 gtp_c + 41.397362 h2o_c + 0.000223 hemeO_c + 0.126289 his__L_c + 0.244551 ile__L_c + 0.158509 k_c + 0.628769 leu__L_c + 0.000223 lipopb_c + 0.008696 lpspput_e + 0.180336 lys__L_c + 3.1e-05 malcoa_c + 0.122008 met__L_c + 0.007044 mg2_c + 0.000223 mlthf_c + 0.002817 mn2_c + 0.002817 mobd_c + 0.000223 mocogdp_c + 0.001979 murein3p3p_p + 0.000326 murein3px4p_p + 0.007917 murein4p4p_p + 0.002941 murein4px4p_p + 6.6e-05 murein4px4px4p_p + 0.003522 na1_c + 0.001786 nad_c + 4.4e-05 nadh_c + 0.000111 nadp_c + 0.000335 nadph_c + 0.010567 nh4_c + 0.002817 ni2_c + 0.000251 pe140_c + 0.007882 pe160_c + 0.039155 pe161_c + 0.002622 pe180_c + 0.017845 pe181_c + 0.000138 pg140_c + 0.004354 pg160_c + 0.021632 pg161_c + 0.001449 pg180_c + 0.009859 pg181_c + 0.191038 phe__L_c + 0.000223 pheme_c + 0.000223 pqqh2_c + 0.26328 pro__L_c + 0.03327 ptrc_c + 0.000223 pydx5p_c + 0.000223 pyovd_kt_e + 0.000223 q8h2_c + 0.000223 ribflv_c + 0.301274 ser__L_c + 0.000223 sheme_c + 0.003522 so4_c + 9.8e-05 succoa_c + 0.000223 thf_c + 0.000223 thmnp_c + 0.000223 thmpp_c + 0.256324 thr__L_c + 0.077592 trp__L_c + 0.135921 tyr__L_c + 5.5e-05 udcpdp_c + 0.143215 utp_c + 0.389034 val__L_c + 0.002817 zn2_c --> 46.7502 adp_c + 46.7502 h_c + 46.746677 pi_c + 0.73868 ppi_c,Amino Acid Metabolism
CA2tex,ca2_e <=> ca2_p,Transport Systems
CACOAHA,caffcoa_c + h2o_c --> 34dhbald_c + accoa_c,Aromatic Compound Degradation
CAFFCOA,34dhcinm_c + atp_c + coa_c --> amp_c + caffcoa_c + ppi_c,Aromatic Compound Degradation
CARBSARAH,Ncarbsar_c + h2o_c + 2.0 h_c --> co2_c + nh4_c + sarcs_c,Nitrogen Metabolism
CARNabcpp,atp_c + carn_p + h2o_c --> adp_c + carn_c + h_c + pi_c,Transport Systems
CARNtex,carn_e <=> carn_p,Transport Systems
CAT,2.0 h2o2_c --> 2.0 h2o_c + o2_c,Energy Metabolism
CAT23DOX,catechol_c + o2_c --> 2hmcnsad_c,Aromatic Compound Degradation
CATDOX,catechol_c + o2_c --> ccmuac_c + 2.0 h_c,Aromatic Compound Degradation
CATECHOLtex,catechol_e <=> catechol_p,Transport Systems
CATECHOLtpp,catechol_p <=> catechol_c,Transport Systems
CATpp,2.0 h2o2_p --> 2.0 h2o_p + o2_p,Energy Metabolism
CAt6pp,ca2_c + na1_p <=> ca2_p + na1_c,Transport Systems
CBIAT,atp_c + cbi_c + h_c <=> adocbi_c + pppi_c,Cofactor and Vitamin Biosynthesis
CBItonex,cbi_e + h_p --> cbi_p + h_c,Transport Systems
CBIuabcpp,atp_c + cbi_p + h2o_c --> adp_c + cbi_c + h_c + pi_c,Transport Systems
CBL1abcpp,atp_c + cbl1_p + h2o_c --> adp_c + cbl1_c + h_c + pi_c,Transport Systems
CBL1tonex,cbl1_e + h_p --> cbl1_p + h_c,Transport Systems
CBLAT,atp_c + cbl1_c + h_c <=> adocbl_c + pppi_c,Cofactor and Vitamin Biosynthesis
CBMKr,atp_c + co2_c + nh4_c <=> adp_c + cbp_c + 2.0 h_c,Amino Acid Metabolism
CBPAH,Ncbmpts_c + 2.0 h2o_c + 2.0 h_c --> hco3_c + nh4_c + ptrc_c,Nitrogen Metabolism
CBPS,2.0 atp_c + gln__L_c + h2o_c + hco3_c --> 2.0 adp_c + cbp_c + glu__L_c + 2.0 h_c + pi_c,Nucleotide Metabolism
CCGS,atp_c + cdg_c + nh4_c --> adp_c + h2o_c + h_c + pi_c + preq0_c,Cofactor and Vitamin Biosynthesis
CCPpp,2.0 focytc_c + h2o2_p --> 2.0 ficytc_c + 2.0 h2o_p,Energy Metabolism
CD2abcpp,atp_c + cd2_c + h2o_c --> adp_c + cd2_p + h_c + pi_c,Metal and Inorganic Metabolism
CD2t3pp,cd2_c + h_p --> cd2_p + h_c,Metal and Inorganic Metabolism
CD2t4pp,cd2_c + h_p + k_p --> cd2_p + h_c + k_c,Metal and Inorganic Metabolism
CD2t5,cd2_c + h_p --> cd2_e + h_c,Metal and Inorganic Metabolism
CD2t6,cd2_p + h_p --> cd2_e + h_c,Metal and Inorganic Metabolism
CD2tex,cd2_e <=> cd2_p,Transport Systems
CD2tpp,cd2_p --> cd2_c,Transport Systems
CDGR,3.0 h_c + 2.0 nadph_c + preq0_c --> 2.0 nadp_c + preq1_c,Cofactor and Vitamin Biosynthesis
CDGS,cph4_c + h_c --> cdg_c + nh4_c,Cofactor and Vitamin Biosynthesis
CDPMEK,4c2me_c + atp_c --> 2p4c2me_c + adp_c + h_c,Cofactor and Vitamin Biosynthesis
CELASEpp,cell4_p + h2o_p --> 2.0 cellb_p,Cell Envelope and Wall Biosynthesis
CELLS,h2o_c + 4.0 udpg_c --> cell4_p + 4.0 h_c + 4.0 udp_c,Cell Envelope and Wall Biosynthesis
CELLex,cell4_p --> cell4_e,Transport Systems
CFAS160E,2.0 amet_c + pe161_c --> 2.0 ahcys_c + cpe160_c + 2.0 h_c,Fatty Acid and Lipid Metabolism
CFAS160G,2.0 amet_c + pg161_c --> 2.0 ahcys_c + cpg160_c + 2.0 h_c,Fatty Acid and Lipid Metabolism
CFAS180E,2.0 amet_c + pe181_c --> 2.0 ahcys_c + cpe180_c + 2.0 h_c,Fatty Acid and Lipid Metabolism
CFAS180G,2.0 amet_c + pg181_c --> 2.0 ahcys_c + cpg180_c + 2.0 h_c,Fatty Acid and Lipid Metabolism
CGLYabcpp,atp_c + cgly_p + h2o_c --> adp_c + cgly_c + h_c + pi_c,Transport Systems
CGLYtex,cgly_e <=> cgly_p,Transport Systems
CHLabcpp,atp_c + chol_p + h2o_c --> adp_c + chol_c + h_c + pi_c,Transport Systems
CHLtex,chol_e <=> chol_p,Transport Systems
CHOLD,chol_c + nad_c --> betald_c + h_c + nadh_c,Nitrogen Metabolism
CHOLSH,chols_c + h2o_c --> chol_c + h_c + so4_c,Nitrogen Metabolism
CHOLS_ex_,chols_e <=> chols_p,Transport Systems
CHOLSabc,atp_c + chols_p + h2o_c --> adp_c + chols_c + h_c + pi_c,Transport Systems
CHOLt4ipp,chol_p + na1_p --> chol_c + na1_c,Transport Systems
CHORM,chor_c --> pphn_c,Amino Acid Metabolism
CHORS,3psme_c --> chor_c + pi_c,Amino Acid Metabolism
CHORt2rpp,chor_p + h_p <=> chor_c + h_c,Transport Systems
CHORtex,chor_e <=> chor_p,Transport Systems
CHRPL,chor_c --> 4hbz_c + pyr_c,Cofactor and Vitamin Biosynthesis
CINNMCOAH,cinmcoa_c + h2o_c --> cinnm_c + coa_c + h_c,Fatty Acid and Lipid Metabolism
CINNMtex,cinnm_e <=> cinnm_p,Transport Systems
CINNMtpp,cinnm_c <=> cinnm_p,Transport Systems
CITt4pp,cit_p + na1_p --> cit_c + na1_c,Transport Systems
CITt_kt,cit_p + h_p <=> cit_c + h_c,Transport Systems
CITtex,cit_e <=> cit_p,Transport Systems
CLPNH120pp,clpn120_p + h2o_p --> h_p + pa120_p + pg120_p,Fatty Acid and Lipid Metabolism
CLPNH140pp,clpn140_p + h2o_p --> h_p + pa140_p + pg140_p,Fatty Acid and Lipid Metabolism
CLPNH141pp,clpn141_p + h2o_p --> h_p + pa141_p + pg141_p,Fatty Acid and Lipid Metabolism
CLPNH160pp,clpn160_p + h2o_p --> h_p + pa160_p + pg160_p,Fatty Acid and Lipid Metabolism
CLPNH161pp,clpn161_p + h2o_p --> h_p + pa161_p + pg161_p,Fatty Acid and Lipid Metabolism
CLPNH180pp,clpn180_p + h2o_p --> h_p + pa180_p + pg180_p,Fatty Acid and Lipid Metabolism
CLPNH181pp,clpn181_p + h2o_p --> h_p + pa181_p + pg181_p,Fatty Acid and Lipid Metabolism
CLPNS120pp,2.0 pg120_p <=> clpn120_p + glyc_p,Fatty Acid and Lipid Metabolism
CLPNS140pp,2.0 pg140_p <=> clpn140_p + glyc_p,Fatty Acid and Lipid Metabolism
CLPNS141pp,2.0 pg141_p <=> clpn141_p + glyc_p,Fatty Acid and Lipid Metabolism
CLPNS160pp,2.0 pg160_p <=> clpn160_p + glyc_p,Fatty Acid and Lipid Metabolism
CLPNS161pp,2.0 pg161_p <=> clpn161_p + glyc_p,Fatty Acid and Lipid Metabolism
CLPNS180pp,2.0 pg180_p <=> clpn180_p + glyc_p,Fatty Acid and Lipid Metabolism
CLPNS181pp,2.0 pg181_p <=> clpn181_p + glyc_p,Fatty Acid and Lipid Metabolism
CLt3_2pp,2.0 cl_p + h_c --> 2.0 cl_c + h_p,Transport Systems
CLtex,cl_e <=> cl_p,Transport Systems
CMCBTFR1,fadh2_c + 2.0 fcmcbtt_c --> 2.0 cmcbtt_c + fad_c + 2.0 fe2_c + 2.0 h_c,Metal and Inorganic Metabolism
CMCBTFR2,2.0 fcmcbtt_c + fmnh2_c --> 2.0 cmcbtt_c + 2.0 fe2_c + fmn_c + 2.0 h_c,Metal and Inorganic Metabolism
CMCBTFabcpp,atp_c + fcmcbtt_p + h2o_c --> adp_c + fcmcbtt_c + h_c + pi_c,Metal and Inorganic Metabolism
CMCBTFexs,cmcbtt_e + fe3_e --> fcmcbtt_e,Metal and Inorganic Metabolism
CMCBTFtex,cmcbtt_p + h_p --> cmcbtt_e + h_c,Metal and Inorganic Metabolism
CMCBTFtonex,fcmcbtt_e + h_p --> fcmcbtt_p + h_c,Metal and Inorganic Metabolism
CMCBTFtpp,cmcbtt_c + h_p --> cmcbtt_p + h_c,Metal and Inorganic Metabolism
CMT2,amet_c + csn_c <=> 5mcsn_c + ahcys_c + h_c,Amino Acid Metabolism
CMt2ex,cm_c + h_p --> cm_e + h_c,Transport Systems
CMt2ppi,cm_p --> cm_c,Transport Systems
CMtex,cm_e <=> cm_p,Transport Systems
CMtexabc,atp_c + cm_c + h2o_c --> adp_c + cm_e + h_c + pi_c,Transport Systems
CMtpp,cm_p + h_p --> cm_e + h_c,Transport Systems
CO2tex,co2_e <=> co2_p,Transport Systems
CO2tpp,co2_p <=> co2_c,Transport Systems
COALCDH,confrl_c + nad_c --> conialdh_c + h_c + nadh_c,Aromatic Compound Degradation
COALDDH,conialdh_c + h2o_c + nad_c --> fer_c + 2.0 h_c + nadh_c,Aromatic Compound Degradation
COBALT2t3pp,cobalt2_c + h_p --> cobalt2_p + h_c,Metal and Inorganic Metabolism
COBALT2tex,cobalt2_e <=> cobalt2_p,Transport Systems
COBALT2tpp,cobalt2_p --> cobalt2_c,Transport Systems
COBALTt4pp,cobalt2_c + h_p + k_p --> cobalt2_p + h_c + k_c,Metal and Inorganic Metabolism
COBG,2.0 h_c + nadh_c + o2_c + pre3a_c --> h2o_c + nad_c + pre3b_c,Cofactor and Vitamin Biosynthesis
COCHL,atp_c + cobalt2_c + h2o_c + hgbam_c --> adp_c + co2dam_c + 2.0 h_c + pi_c,Cofactor and Vitamin Biosynthesis
COCOAHA,coucoa_c + h2o_c --> 4hbald_c + accoa_c,Aromatic Compound Degradation
COLIPAabcpp_kt,atp_c + h2o_c + lpscore_kt_c --> adp_c + h_c + lpscore_kt_p + pi_c,Cell Envelope and Wall Biosynthesis
CONFRLtex,confrl_e <=> confrl_p,Transport Systems
CONFRLtpp,confrl_p <=> confrl_c,Transport Systems
COtex,co_p <=> co_e,Transport Systems
COtpp,co_c <=> co_p,Transport Systems
CPH4S,ahdt_c + h2o_c --> acald_c + cph4_c + h_c + pppi_c,Cofactor and Vitamin Biosynthesis
CPMPS,gtp_c + h2o_c --> cpmp_c + ppi_c,Cofactor and Vitamin Biosynthesis
CPPPGO,cpppg3_c + 2.0 h_c + o2_c --> 2.0 co2_c + 2.0 h2o_c + pppg9_c,Cofactor and Vitamin Biosynthesis
CPPPGO2,2.0 amet_c + cpppg3_c --> 2.0 co2_c + 2.0 dad_5_c + 2.0 met__L_c + pppg9_c,Cofactor and Vitamin Biosynthesis
CREAT,creat_c + h2o_c --> sarcs_c + urea_c,Nitrogen Metabolism
CREATtex,creat_e <=> creat_p,Transport Systems
CREATtpp,creat_p + h_p <=> creat_c + h_c,Transport Systems
CRNDH,crn_c + nad_c --> dhcrn_c + h_c + nadh_c,Nitrogen Metabolism
CRNabcpp,atp_c + crn_p + h2o_c --> adp_c + crn_c + h_c + pi_c,Transport Systems
CRNtex,crn_e <=> crn_p,Transport Systems
CRO2t3pp,cro2_c + h_p --> cro2_p + h_c,Metal and Inorganic Metabolism
CRO2tex,cro2_e <=> cro2_p,Transport Systems
CRO2tpp,cro2_p --> cro2_c,Transport Systems
CRO4Rx,cro4_c + 2.0 h_c + 2.0 nadh_c + 2.0 o2_c --> cro2_c + 2.0 h2o2_c + 2.0 nad_c + o2s_c,Metal and Inorganic Metabolism
CRO4Ry,cro4_c + 2.0 h_c + 2.0 nadph_c + 2.0 o2_c --> cro2_c + 2.0 h2o2_c + 2.0 nadp_c + o2s_c,Metal and Inorganic Metabolism
CRO4abcpp,atp_c + cro4_p + h2o_c --> adp_c + cro4_c + h_c + pi_c,Transport Systems
CRO4t3pp,cro4_c + h_p --> cro4_p + h_c,Metal and Inorganic Metabolism
CRO4tex,cro4_e <=> cro4_p,Transport Systems
CRTNIH,crtn_c + h2o_c + h_c --> mthd_c + nh4_c,Nitrogen Metabolism
CRTNtex,crtn_e <=> crtn_p,Transport Systems
CRTNtpp,crtn_p + h_p <=> crtn_c + h_c,Transport Systems
CS,accoa_c + h2o_c + oaa_c --> cit_c + coa_c + h_c,Central Carbon Metabolism
CSND,csn_c + h2o_c + h_c --> nh4_c + ura_c,Nucleotide Metabolism
CSNt2pp,csn_p + h_p --> csn_c + h_c,Transport Systems
CSNtex,csn_e <=> csn_p,Transport Systems
CSPMDDC,cspmd_c + h_c --> co2_c + spmd_c,Amino Acid Metabolism
CSPMDDH,aspsa_c + h_c + nadph_c + ptrc_c --> cspmd_c + h2o_c + nadp_c,Amino Acid Metabolism
CTI1,tde_2Z_coa_c <=> td2coa_c,Fatty Acid and Lipid Metabolism
CTPS2,atp_c + gln__L_c + h2o_c + utp_c --> adp_c + ctp_c + glu__L_c + 2.0 h_c + pi_c,Nucleotide Metabolism
CU2abcpp,atp_c + cu2_c + h2o_c --> adp_c + cu2_p + h_c + pi_c,Metal and Inorganic Metabolism
CU2t4pp,cu2_c + h_p + k_p --> cu2_p + h_c + k_c,Metal and Inorganic Metabolism
CU2tex,cu2_e <=> cu2_p,Metal and Inorganic Metabolism
CU2tonex,cu2_e + h_p --> cu2_p + h_c,Transport Systems
CU2tpp,cu2_p --> cu2_c,Transport Systems
CUt3,cu_c + h_e --> cu_e + h_c,Metal and Inorganic Metabolism
CUtex,cu_e <=> cu_p,Transport Systems
CUtpp,cu_p --> cu_c,Transport Systems
CYANST,cyan_c + tsul_c --> h_c + so3_c + tcynt_c,Metal and Inorganic Metabolism
CYANt2pp,cyan_p + h_p --> cyan_c + h_c,Transport Systems
CYANtex,cyan_e <=> cyan_p,Transport Systems
CYO1_KT,2.0 ficytc_c + 2.0 h_c + q8h2_c --> 2.0 focytc_c + 2.0 h_p + q8_c,Energy Metabolism
CYO4pp,2.0 ficytc_c + pqqh2_p --> 2.0 focytc_c + pqq_p,Aromatic Compound Degradation
CYRDAAT,atp_c + co1dam_c + h_c --> adcobdam_c + pppi_c,Cofactor and Vitamin Biosynthesis
CYRDAR,2.0 co2dam_c + nadh_c --> 2.0 co1dam_c + h_c + nad_c,Cofactor and Vitamin Biosynthesis
CYSDS,cys__L_c + h2o_c --> h2s_c + nh4_c + pyr_c,Amino Acid Metabolism
CYSDabcpp,atp_c + cys__D_p + h2o_c --> adp_c + cys__D_c + h_c + pi_c,Transport Systems
CYSDtex,cys__D_e <=> cys__D_p,Transport Systems
CYSS,acser_c + h2s_c --> ac_c + cys__L_c + h_c,Amino Acid Metabolism
SLCYSS,acser_c + tsul_c --> ac_c + scys__L_c,Amino Acid Metabolism
CYSSADS,3sala_c + 2.0 h_c --> ala__L_c + so2_c,Metal and Inorganic Metabolism
CYSTGL,cyst__L_c + h2o_c --> 2obut_c + cys__L_c + nh4_c,Amino Acid Metabolism
CYSTL,cyst__L_c + h2o_c --> hcys__L_c + nh4_c + pyr_c,Amino Acid Metabolism
CYSTRS,atp_c + cys__L_c + trnacys_c --> amp_c + cystrna_c + ppi_c,Cellular Processes and Storage
CYSTS,hcys__L_c + ser__L_c --> cyst__L_c + h2o_c,Amino Acid Metabolism
CYSabcpp,atp_c + cys__L_p + h2o_c --> adp_c + cys__L_c + h_c + pi_c,Transport Systems
CYStex,cys__L_e <=> cys__L_p,Transport Systems
CYStpp,cys__L_c --> cys__L_p,Transport Systems
CYTBDpp,2.0 h_c + 0.5 o2_c + q8h2_c --> h2o_c + 2.0 h_p + q8_c,Energy Metabolism
CYTBO3_4pp,4.0 h_c + 0.5 o2_c + q8h2_c --> h2o_c + 4.0 h_p + q8_c,Energy Metabolism
CYTCAA3pp,2.0 focytc_c + 2.0 h_c + 0.5 o2_c --> 2.0 ficytc_c + h2o_c + 2.0 h_p,Energy Metabolism
CYTCBB3pp,2.0 focytc_c + h_c + 0.5 o2_c --> 2.0 ficytc_c + h2o_c + h_p,Energy Metabolism
CYTDH,cytd_c + h2o_c --> csn_c + rib__D_c,Nucleotide Metabolism
CYTK1,atp_c + cmp_c <=> adp_c + cdp_c,Nucleotide Metabolism
CYTK2,atp_c + dcmp_c <=> adp_c + dcdp_c,Nucleotide Metabolism
DAAD,ala__D_c + fad_c + h2o_c --> fadh2_c + nh4_c + pyr_c,Nitrogen Metabolism
DAAD11,fad_c + h2o_c + tyr__D_c --> 34hpp_c + fadh2_c + nh4_c,Nitrogen Metabolism
DAAD12,fad_c + h2o_c + val__D_c --> 3mob_c + fadh2_c + nh4_c,Nitrogen Metabolism
DAAD2,arg__D_c + fad_c + h2o_c --> 5g2oxpt_c + fadh2_c + nh4_c,Nitrogen Metabolism
DAAD3,fad_c + h2o_c + leu__D_c --> 4mop_c + fadh2_c + nh4_c,Nitrogen Metabolism
DAAD4,fad_c + h2o_c + met__D_c --> 2kmb_c + fadh2_c + nh4_c,Nitrogen Metabolism
DAAD5,fad_c + h2o_c + orn__D_c --> 5a2opntn_c + fadh2_c + nh4_c,Nitrogen Metabolism
DAAD6,fad_c + h2o_c + phe__D_c --> fadh2_c + nh4_c + phpyr_c,Amino Acid Metabolism
DAAD7,fad_c + pro__D_c --> 1p2cbxl_c + fadh2_c + h_c,Nitrogen Metabolism
DAAD8,fad_c + h2o_c + ser__D_c --> fadh2_c + hpyr_c + nh4_c,Nitrogen Metabolism
DABAAT2,24dab_c + akg_c + h_c <=> aspsa_c + glu__L_c,Nitrogen Metabolism
DADA,dad_2_c + h2o_c + h_c --> din_c + nh4_c,Nucleotide Metabolism
DADK,atp_c + damp_c <=> adp_c + dadp_c,Nucleotide Metabolism
DAGK120,12dgr120_c + atp_c --> adp_c + h_c + pa120_c,Fatty Acid and Lipid Metabolism
DAGK140,12dgr140_c + atp_c --> adp_c + h_c + pa140_c,Fatty Acid and Lipid Metabolism
DAGK141,12dgr141_c + atp_c --> adp_c + h_c + pa141_c,Fatty Acid and Lipid Metabolism
DAGK160,12dgr160_c + atp_c --> adp_c + h_c + pa160_c,Fatty Acid and Lipid Metabolism
DAGK161,12dgr161_c + atp_c --> adp_c + h_c + pa161_c,Fatty Acid and Lipid Metabolism
DAGK180,12dgr180_c + atp_c --> adp_c + h_c + pa180_c,Fatty Acid and Lipid Metabolism
DAGK181,12dgr181_c + atp_c --> adp_c + h_c + pa181_c,Fatty Acid and Lipid Metabolism
DAGLIPA160ex,12dgr160_e + h2o_e --> 1ag160_e + h_e + hdca_e,Fatty Acid and Lipid Metabolism
DAGLIPA180ex,12dgr180_e + h2o_e --> 1ag180_e + h_e + ocdca_e,Fatty Acid and Lipid Metabolism
DAGLIPA181d9ex,dag181d9_e + h2o_e --> 1ag181d9_e + h_e + ocdcea_e,Fatty Acid and Lipid Metabolism
DAGLIPA182d9d12ex,dag182d9d12_e + h2o_e --> 1ag182d9d12_e + h_e + lnlc_e,Fatty Acid and Lipid Metabolism
DALAALAD,balaala_c + h2o_c --> ala__D_c + ala__L_c,Nitrogen Metabolism
DALADALAD,balabala_c + h2o_c --> 2.0 ala__D_c,Nitrogen Metabolism
DALAGLYD,balagly_c + h2o_c --> ala__D_c + gly_c,Nitrogen Metabolism
DALALEUD,balaleu_c + h2o_c --> ala__D_c + leu__L_c,Nitrogen Metabolism
DALAabcpp,ala__D_p + atp_c + h2o_c --> adp_c + ala__D_c + h_c + pi_c,Transport Systems
DALAt2pp,ala__D_p + h_p --> ala__D_c + h_c,Transport Systems
DALAtex,ala__D_e <=> ala__D_p,Transport Systems
DAPAT,15dap_c + akg_c --> glu__L_c + h2o_c + h_c + pprdn_c,Amino Acid Metabolism
DAPDC,26dap__M_c + h_c --> co2_c + lys__L_c,Amino Acid Metabolism
DAPE,26dap_LL_c <=> 26dap__M_c,Amino Acid Metabolism
DAPabcpp,26dap__M_p + atp_c + h2o_c --> 26dap__M_c + adp_c + h_c + pi_c,Transport Systems
DAPtex,15dap_e <=> 15dap_p,Transport Systems
DARGabcpp,arg__D_p + atp_c + h2o_c --> adp_c + arg__D_c + h_c + pi_c,Transport Systems
DARGtex,arg__D_e <=> arg__D_p,Transport Systems
DASNabcpp,asn__D_p + atp_c + h2o_c --> adp_c + asn__D_c + h_c + pi_c,Transport Systems
DASNtex,asn__D_e <=> asn__D_p,Transport Systems
DASYN120,ctp_c + h_c + pa120_c --> cdpdddecg_c + ppi_c,Fatty Acid and Lipid Metabolism
DASYN140,ctp_c + h_c + pa140_c --> cdpdtdecg_c + ppi_c,Fatty Acid and Lipid Metabolism
DASYN141,ctp_c + h_c + pa141_c --> cdpdtdec7eg_c + ppi_c,Fatty Acid and Lipid Metabolism
DASYN160,ctp_c + h_c + pa160_c --> cdpdhdecg_c + ppi_c,Fatty Acid and Lipid Metabolism
DASYN161,ctp_c + h_c + pa161_c --> cdpdhdec9eg_c + ppi_c,Fatty Acid and Lipid Metabolism
DASYN180,ctp_c + h_c + pa180_c --> cdpdodecg_c + ppi_c,Fatty Acid and Lipid Metabolism
DASYN181,ctp_c + h_c + pa181_c --> cdpdodec11eg_c + ppi_c,Fatty Acid and Lipid Metabolism
DATPHs,datp_c + h2o_c + h_c --> ditp_c + nh4_c,Nucleotide Metabolism
DB4PS,ru5p__D_c --> db4p_c + for_c + h_c,Cofactor and Vitamin Biosynthesis
DBTS,atp_c + co2_c + dann_c --> adp_c + dtbt_c + 3.0 h_c + pi_c,Cofactor and Vitamin Biosynthesis
DCAtex,dca_e --> dca_p,Transport Systems
DCTPD,dctp_c + h2o_c + h_c --> dutp_c + nh4_c,Nucleotide Metabolism
DCTPD2,ctp_c + h2o_c + h_c --> nh4_c + utp_c,Nucleotide Metabolism
DDCAtexi,ddca_e --> ddca_p,Transport Systems
DDGLK,2ddglcn_c + atp_c --> 2ddg6p_c + adp_c + h_c,Alternative Carbon Metabolism
DDPA,e4p_c + h2o_c + pep_c --> 2dda7p_c + pi_c,Amino Acid Metabolism
DESATPE160,2.0 h_c + 2.0 nadph_c + 2.0 o2_c + pe160_c --> 4.0 h2o_c + 2.0 nadp_c + pe161_c,Fatty Acid and Lipid Metabolism
DESATPG160,2.0 h_c + 2.0 nadph_c + 2.0 o2_c + pg160_c --> 4.0 h2o_c + 2.0 nadp_c + pg161_c,Fatty Acid and Lipid Metabolism
DGBUTNH,dgudbutn_c + h2o_c --> agm_c + urea_c,Nitrogen Metabolism
DGK1,atp_c + dgmp_c <=> adp_c + dgdp_c,Nucleotide Metabolism
DGUDBUTNabcpp,atp_c + dgudbutn_p + h2o_c --> adp_c + dgudbutn_c + h_c + pi_c,Transport Systems
DGUDBUTNtex,dgudbutn_e <=> dgudbutn_p,Transport Systems
DH3MCHCDH,dh3mchc_c + nad_c --> 3mcat_c + co2_c + nadh_c,Aromatic Compound Degradation
DH4MCHCDH,dh4mchc_c + nad_c --> 4mcat_c + co2_c + nadh_c,Aromatic Compound Degradation
DHACOAH,23dhacoa_c + h2o_c <=> 3hadpcoa_c,Aromatic Compound Degradation
DHAD1,23dhmb_c --> 3mob_c + h2o_c,Alternative Carbon Metabolism
DHAD2,23dhmp_c --> 3mop_c + h2o_c,Amino Acid Metabolism
DHDPRy,23dhdp_c + h_c + nadph_c --> nadp_c + thdp_c,Amino Acid Metabolism
DHDPS,aspsa_c + pyr_c --> 23dhdp_c + 2.0 h2o_c + h_c,Amino Acid Metabolism
DHFR,dhf_c + h_c + nadph_c <=> nadp_c + thf_c,Cofactor and Vitamin Biosynthesis
DHFS,atp_c + dhpt_c + glu__L_c --> adp_c + dhf_c + h_c + pi_c,Cofactor and Vitamin Biosynthesis
DHMPTR,dhmpt_c + h_c + nadph_c --> nadp_c + thmnp_c,Cofactor and Vitamin Biosynthesis
DHMPTRx,dhmpt_c + h_c + nadh_c --> nad_c + thmnp_c,Cofactor and Vitamin Biosynthesis
DHNPA_1,dhnpt_c --> 2ahhmp_c + gcald_c,Cofactor and Vitamin Biosynthesis
DHNPTE,dhnpt_c <=> dhmpt_c,Cofactor and Vitamin Biosynthesis
DHORD2,dhor__S_c + q8_c --> orot_c + q8h2_c,Nucleotide Metabolism
DHORDfum,dhor__S_c + fum_c --> orot_c + succ_c,Nucleotide Metabolism
DHORTS,dhor__S_c + h2o_c <=> cbasp_c + h_c,Nucleotide Metabolism
DHPM1,56dura_c + h2o_c --> cala_c + h_c,Nucleotide Metabolism
DHPM2,56dthm_c + h2o_c --> 3uib_c + h_c,Nucleotide Metabolism
DHPPDA2,25drapp_c + h2o_c + h_c --> 5apru_c + nh4_c,Cofactor and Vitamin Biosynthesis
DHPS,2ahhmp_c + 4abz_c --> dhpt_c + h2o_c,Cofactor and Vitamin Biosynthesis
DHQD,3dhq_c <=> 3dhsk_c + h2o_c,Amino Acid Metabolism
DHQS,2dda7p_c --> 3dhq_c + pi_c,Amino Acid Metabolism
DHSKDH,3dhsk_c --> 34dhbz_c + h2o_c,Aromatic Compound Degradation
DKGLCNR3,25dkglcn_c + h_c + nadph_c --> 2dhglcn_c + nadp_c,Alternative Carbon Metabolism
DLASNR,asn__L_c <=> asn__D_c,Nitrogen Metabolism
DLCYSR,cys__L_c <=> cys__D_c,Nitrogen Metabolism
DLEUabcpp,atp_c + h2o_c + leu__D_p --> adp_c + h_c + leu__D_c + pi_c,Transport Systems
DLEUtex,leu__D_e <=> leu__D_p,Transport Systems
DLMETR,met__L_c <=> met__D_c,Nitrogen Metabolism
DLYSAD,fad_c + h2o_c + lys__D_c --> 6a2ohxnt_c + fadh2_c + nh4_c,Amino Acid Metabolism
DLYSOXGAT,akg_c + lys__D_c <=> 6a2ohxnt_c + glu__D_c,Amino Acid Metabolism
DLYSPYRAT,lys__D_c + pyr_c <=> 6a2ohxnt_c + ala__D_c,Amino Acid Metabolism
DLYSabcpp,atp_c + h2o_c + lys__D_p --> adp_c + h_c + lys__D_c + pi_c,Transport Systems
DLYStex,lys__D_e <=> lys__D_p,Transport Systems
DMATT,dmpp_c + ipdp_c --> grdp_c + ppi_c,Cofactor and Vitamin Biosynthesis
DMETtex,met__D_e <=> met__D_p,Transport Systems
DMGDH2,dmgly_c + h2o_c + nad_c <=> fald_c + h_c + nadh_c + sarcs_c,Nitrogen Metabolism
DMGLYBabcpp,atp_c + dmgly_p + h2o_c --> adp_c + dmgly_c + h_c + pi_c,Transport Systems
DMGLYtex,dmgly_e <=> dmgly_p,Transport Systems
DMPPS,h2mb4p_c + h_c + nadh_c --> dmpp_c + h2o_c + nad_c,Cofactor and Vitamin Biosynthesis
DMQMT,2omhmbl_c + amet_c --> ahcys_c + h_c + q8h2_c,Cofactor and Vitamin Biosynthesis
DMSO2abcpp,atp_c + dmso2_p + h2o_c --> adp_c + dmso2_c + h_c + pi_c,Transport Systems
DMSO2tex,dmso2_e <=> dmso2_p,Transport Systems
DM_5drib_c,5drib_c --> ,Core Cellular Functions
DM_amob_c,amob_c --> ,Core Cellular Functions
DM_C100aPHA,C100aPHA_c --> ,Transport Systems
DM_C100pPHA,C100pPHA_c --> ,Transport Systems
DM_C101PHA,C101PAH_c --> ,Transport Systems
DM_C120aPHA,C120aPHA_c --> ,Transport Systems
DM_C121aPHA,C121aPHA_c --> ,Transport Systems
DM_C121d6PHA,C121d6PHA_c --> ,Transport Systems
DM_C140aPHA,C140aPHA_c --> ,Transport Systems
DM_C141aPHA,C141aPHA_c --> ,Transport Systems
DM_C141d5PHA,C141d5PHA_c --> ,Transport Systems
DM_C142PHA,C142PHA_c --> ,Transport Systems
DM_C40aPHA,C40aPHA_c --> ,Transport Systems
DM_C40atPHA,C40atPHA_c --> ,Transport Systems
DM_C40pPHA,C40pPHA_c --> ,Transport Systems
DM_C50aPHA,C50aPHA_c --> ,Transport Systems
DM_C50pPHA,C50pPHA_c --> ,Transport Systems
DM_C60aPHA,C60aPHA_c --> ,Transport Systems
DM_C60atPHA,C60atPHA_c --> ,Transport Systems
DM_C60pPHA,C60pPHA_c --> ,Transport Systems
DM_C70aPHA,C70aPHA_c --> ,Transport Systems
DM_C70pPHA,C70pPHA_c --> ,Transport Systems
DM_C80aPHA,C80aPHA_c --> ,Transport Systems
DM_C80pPHA,C80pPHA_c --> ,Transport Systems
DM_C90aPHA,C90aPHA_c --> ,Transport Systems
DM_C90pPHA,C90pPHA_c --> ,Transport Systems
DM__acmum6p,acmum6p_c --> ,Cell Envelope and Wall Biosynthesis
DM__ppi50,ppi50_c --> ,Metal and Inorganic Metabolism
DM_acgam,acgam_c --> ,Cell Envelope and Wall Biosynthesis
DM_doxopa,doxopa_c --> ,Amino Acid Metabolism
DM_tripeptide_c_,tripeptide_c --> ,Transport Systems
DNMPPA,dhpmp_c + h2o_c --> dhnpt_c + pi_c,Cofactor and Vitamin Biosynthesis
DNTAep,35dnta_c + h_p --> 35dnta_e + h_c,Stress Response and Environmental Adaptation
DNTPPA,ahdt_c + h2o_c --> dhpmp_c + h_c + ppi_c,Cofactor and Vitamin Biosynthesis
DOPAtex,dopa_e <=> dopa_p,Transport Systems
DOPAtpp,dopa_p <=> dopa_c,Transport Systems
DOPDH,25dop_c + h2o_c + nadp_c <=> akg_c + 2.0 h_c + nadph_c,Alternative Carbon Metabolism
DORNabcpp,atp_c + h2o_c + orn__D_p --> adp_c + h_c + orn__D_c + pi_c,Transport Systems
DORNtex,orn__D_e <=> orn__D_p,Transport Systems
DPCOAK,atp_c + dpcoa_c --> adp_c + coa_c + h_c,Cofactor and Vitamin Biosynthesis
DPHEt2rpp,h_p + phe__D_p <=> h_c + phe__D_c,Transport Systems
DPHEtex,phe__D_e <=> phe__D_p,Transport Systems
DPR,2dhp_c + h_c + nadph_c --> nadp_c + pant__R_c,Cofactor and Vitamin Biosynthesis
DPROabcpp,atp_c + h2o_c + pro__D_p --> adp_c + h_c + pi_c + pro__D_c,Transport Systems
DPROtex,pro__D_e <=> pro__D_p,Transport Systems
DSBAO1,dsbard_p + q8_c --> dsbaox_p + q8h2_c,Energy Metabolism
DSBCGT,dsbcox_p + 2.0 gthrd_p --> dsbcrd_p + gthox_p,Energy Metabolism
DSBDR,dsbdox_c + trdrd_c --> dsbdrd_c + trdox_c,Energy Metabolism
DSBGGT,dsbgox_p + 2.0 gthrd_p --> dsbgrd_p + gthox_p,Energy Metabolism
DSERt2pp,h_p + ser__D_p --> h_c + ser__D_c,Transport Systems
DSERtex,ser__D_e <=> ser__D_p,Transport Systems
DTMPK,atp_c + dtmp_c <=> adp_c + dtdp_c,Nucleotide Metabolism
DTYRt2rpp,h_p + tyr__D_p <=> h_c + tyr__D_c,Transport Systems
DTYRtex,tyr__D_e <=> tyr__D_p,Transport Systems
DURAD,56dura_c + nadp_c <=> h_c + nadph_c + ura_c,Nucleotide Metabolism
DURAD2,56dthm_c + nadp_c <=> h_c + nadph_c + thym_c,Nucleotide Metabolism
DUTPDP,dutp_c + h2o_c --> dump_c + h_c + ppi_c,Nucleotide Metabolism
DVALabcpp,atp_c + h2o_c + val__D_p --> adp_c + h_c + pi_c + val__D_c,Transport Systems
DVALtex,val__D_e <=> val__D_p,Transport Systems
DXPRIi,dxyl5p_c + h_c + nadph_c --> 2me4p_c + nadp_c,Cofactor and Vitamin Biosynthesis
DXPS,g3p_c + h_c + pyr_c --> co2_c + dxyl5p_c,Cofactor and Vitamin Biosynthesis
D_LACt2pp,h_p + lac__D_p <=> h_c + lac__D_c,Transport Systems
D_LACtex,lac__D_e <=> lac__D_p,Transport Systems
E4PD,e4p_c + h2o_c + nad_c <=> 4per_c + 2.0 h_c + nadh_c,Cofactor and Vitamin Biosynthesis
EAR100y,h_c + nadph_c + tdec2eACP_c --> dcaACP_c + nadp_c,Fatty Acid and Lipid Metabolism
EAR120y,h_c + nadph_c + tddec2eACP_c --> ddcaACP_c + nadp_c,Fatty Acid and Lipid Metabolism
EAR121y,h_c + nadph_c + t3c5ddeceACP_c --> cddec5eACP_c + nadp_c,Fatty Acid and Lipid Metabolism
EAR140y,h_c + nadph_c + tmrs2eACP_c --> myrsACP_c + nadp_c,Fatty Acid and Lipid Metabolism
EAR141y,h_c + nadph_c + t3c7mrseACP_c --> nadp_c + tdeACP_c,Fatty Acid and Lipid Metabolism
EAR160y,h_c + nadph_c + tpalm2eACP_c --> nadp_c + palmACP_c,Fatty Acid and Lipid Metabolism
EAR161y,h_c + nadph_c + t3c9palmeACP_c --> hdeACP_c + nadp_c,Fatty Acid and Lipid Metabolism
EAR180y,h_c + nadph_c + toctd2eACP_c --> nadp_c + ocdcaACP_c,Fatty Acid and Lipid Metabolism
EAR181y,h_c + nadph_c + t3c11vaceACP_c --> nadp_c + octeACP_c,Fatty Acid and Lipid Metabolism
EAR40y,but2eACP_c + h_c + nadph_c --> butACP_c + nadp_c,Fatty Acid and Lipid Metabolism
EAR60y,h_c + nadph_c + thex2eACP_c --> hexACP_c + nadp_c,Fatty Acid and Lipid Metabolism
EAR80y,h_c + nadph_c + toct2eACP_c --> nadp_c + ocACP_c,Fatty Acid and Lipid Metabolism
ECOAE,3hbcoa_c <=> 3hbcoa__R_c,Alternative Carbon Metabolism
ECOAH1,3hbcoa_c <=> b2coa_c + h2o_c,Fatty Acid and Lipid Metabolism
ECOAH12,2mp2coa_c + h2o_c --> 3hibutcoa_c,Amino Acid Metabolism
ECOAH14,h2o_c + hp2coa_c <=> 3hhpcoa_c,Fatty Acid and Lipid Metabolism
ECOAH15,h2o_c + nona2coa_c <=> 3hnonacoa_c,Fatty Acid and Lipid Metabolism
ECOAH16,h2o_c + pdca2coa_c <=> 3hpdecacoa_c,Fatty Acid and Lipid Metabolism
ECOAH17,h2o_c + pnona2coa_c <=> 3hpnonacoa_c,Fatty Acid and Lipid Metabolism
ECOAH18,h2o_c + pocta2coa_c <=> 3hpoctacoa_c,Fatty Acid and Lipid Metabolism
ECOAH19,h2o_c + php2coa_c <=> 3hphpcoa_c,Fatty Acid and Lipid Metabolism
ECOAH2,3hhcoa_c <=> h2o_c + hx2coa_c,Fatty Acid and Lipid Metabolism
ECOAH20,h2o_c + phxa2coa_c <=> 3hphxacoa_c,Fatty Acid and Lipid Metabolism
ECOAH21,h2o_c + ppt2coa_c <=> 3hpptcoa_c,Fatty Acid and Lipid Metabolism
ECOAH22,h2o_c + pb2coa_c <=> 3hpbcoa_c,Fatty Acid and Lipid Metabolism
ECOAH23,6ath2coa_c + h2o_c <=> 3h6athcoa_c,Fatty Acid and Lipid Metabolism
ECOAH24,4atb2coa_c + h2o_c <=> 3h4atbcoa_c,Fatty Acid and Lipid Metabolism
ECOAH25,3hvacccoa_c <=> h2o_c + vacc2coa_c,Fatty Acid and Lipid Metabolism
ECOAH26,3hhdccoa_c <=> h2o_c + hd2coa_c,Fatty Acid and Lipid Metabolism
ECOAH27,3htdccoa_c <=> h2o_c + tde2coa_c,Fatty Acid and Lipid Metabolism
ECOAH28,3hddccoa_c <=> dde2coa_c + h2o_c,Fatty Acid and Lipid Metabolism
ECOAH29,3hodecoa_c <=> h2o_c + ode2coa_c,Fatty Acid and Lipid Metabolism
ECOAH3,3hocoa_c <=> h2o_c + oc2coa_c,Fatty Acid and Lipid Metabolism
ECOAH30,3hhdd7coa_c <=> h2o_c + hdd7_2_coa_c,Fatty Acid and Lipid Metabolism
ECOAH31,3hdd5coa_c <=> h2o_c + tded5_2_coa_c,Fatty Acid and Lipid Metabolism
ECOAH32,3hptslacoa_c <=> h2o_c + ptsla2coa_c,Fatty Acid and Lipid Metabolism
ECOAH33,3hhdd4coa_c <=> h2o_c + hdd4_2_coa_c,Fatty Acid and Lipid Metabolism
ECOAH34,3hlnlccoa_c <=> h2o_c + lnlc2coa_c,Fatty Acid and Lipid Metabolism
ECOAH35,3hhd710coa_c <=> h2o_c + hd710_2_coa_c,Fatty Acid and Lipid Metabolism
ECOAH36,3hhd58coa_c <=> h2o_c + td58_2_coa_c,Fatty Acid and Lipid Metabolism
ECOAH37,3hdd6coa_c <=> dd6_2_coa_c + h2o_c,Fatty Acid and Lipid Metabolism
ECOAH38,3hdec4coa_c <=> dec4_2_coa_c + h2o_c,Fatty Acid and Lipid Metabolism
ECOAH4,3hdcoa_c <=> dc2coa_c + h2o_c,Fatty Acid and Lipid Metabolism
ECOAH5,3hddcoa_c <=> dd2coa_c + h2o_c,Fatty Acid and Lipid Metabolism
ECOAH6,3htdcoa_c <=> h2o_c + td2coa_c,Fatty Acid and Lipid Metabolism
ECOAH7,3hhdcoa_c <=> h2o_c + hdd2coa_c,Fatty Acid and Lipid Metabolism
ECOAH8,3hodcoa_c <=> h2o_c + od2coa_c,Fatty Acid and Lipid Metabolism
ECOAH9ir,2mb2coa_c + h2o_c --> 3hmbcoa_c,Amino Acid Metabolism
ECTOH,ecto__L_c + h2o_c --> aac24dab_c,Nitrogen Metabolism
ECTOabcpp,atp_c + ecto__L_p + h2o_c --> adp_c + ecto__L_c + h_c + pi_c,Transport Systems
ECTOtex,ecto__L_e <=> ecto__L_p,Transport Systems
EDA,2ddg6p_c --> g3p_c + pyr_c,Central Carbon Metabolism
EDD,6pgc_c --> 2ddg6p_c + h2o_c,Central Carbon Metabolism
EDTXS1_kt,ddcaACP_c + kdo2lipid4_kt_c --> ACP_c + kdo2lipid4L_kt_c,Cell Envelope and Wall Biosynthesis
EDTXS2_kt,ddcaACP_c + kdo2lipid4L_kt_c --> ACP_c + lipa_kt_c,Cell Envelope and Wall Biosynthesis
EDTXS5_kt,ddcaACP_c + lipidA_kt_c --> ACP_c + lipid4L_kt_c,Cell Envelope and Wall Biosynthesis
EDTXS6_kt,ddcaACP_c + lipid4L_kt_c --> ACP_c + lipa2_kt_c,Cell Envelope and Wall Biosynthesis
EGMEACPR,egmeACP_c + h_c + nadph_c --> gmeACP_c + nadp_c,Cofactor and Vitamin Biosynthesis
ENO,2pg_c <=> h2o_c + pep_c,Central Carbon Metabolism
EPMEACPR,epmeACP_c + h_c + nadph_c --> nadp_c + pmeACP_c,Cofactor and Vitamin Biosynthesis
ETHAAL,etha_c --> acald_c + nh4_c,Nitrogen Metabolism
ETHAt2pp,etha_p + h_p --> etha_c + h_c,Transport Systems
ETHAtex,etha_e <=> etha_p,Transport Systems
ETHSO3abcpp,atp_c + ethso3_p + h2o_c --> adp_c + ethso3_c + h_c + pi_c,Transport Systems
ETHSO3tex,ethso3_e <=> ethso3_p,Transport Systems
ETOHtex,etoh_e <=> etoh_p,Transport Systems
ETOHtrpp,etoh_p <=> etoh_c,Transport Systems
EX_12dgr160_e,12dgr160_e --> ,Transport Systems
EX_12dgr180_e,12dgr180_e --> ,Transport Systems
EX_13dampp_e,13dampp_e --> ,Transport Systems
EX_15dap_e,15dap_e --> ,Transport Systems
EX_1ag160_e,1ag160_e --> ,Transport Systems
EX_1ag180_e,1ag180_e --> ,Transport Systems
EX_1ag181d9_e,1ag181d9_e --> ,Transport Systems
EX_1ag182d9d12_e,1ag182d9d12_e --> ,Transport Systems
EX_25dkglcn_e,25dkglcn_e --> ,Transport Systems
EX_26dap__M_e,26dap__M_e --> ,Transport Systems
EX_AEP_e,2ameph_e --> ,Transport Systems
EX_2ddglcn_e,2ddglcn_e --> ,Transport Systems
EX_2dhglcn_e,2dhglcn_e --> ,Transport Systems
EX_2m35mdntha_e,2m35mdntha_e --> ,Transport Systems
EX_34dhbz_e,34dhbz_e --> ,Transport Systems
EX_34dhcinm_e,34dhcinm_e --> ,Transport Systems
EX_34dhphe_e,34dhphe_e --> ,Transport Systems
EX_35dnta_e,35dnta_e --> ,Transport Systems
EX_3h4atb_e,3h4atb_e --> ,Transport Systems
EX_3mb_e,3mb_e --> ,Transport Systems
EX_3oxoadp_e,3oxoadp_e --> ,Transport Systems
EX_4abut_e,4abut_e --> ,Transport Systems
EX_4hbz_e,4hbz_e --> ,Transport Systems
EX_4hpro_DC_e,4hpro_DC_e --> ,Transport Systems
EX_4hpro_LT_e,4hpro_LT_e --> ,Transport Systems
EX_5aptn_e,5aptn_e --> ,Transport Systems
EX_5mcsn_e,5mcsn_e --> ,Transport Systems
EX_5oxpro_e,5oxpro_e --> ,Transport Systems
EX_6atha_e,6atha_e --> ,Transport Systems
EX_6hnac_e,6hnac_e --> ,Transport Systems
EX_met__D_e,met__D_e --> ,Transport Systems
EX_LalaLglu_e,LalaLglu_e --> ,Transport Systems
EX_Ncbmpts_e,Ncbmpts_e --> ,Transport Systems
EX_R3hdec4e_e,R3hdec4e_e --> ,Transport Systems
EX_R_3h4atba_e,R_3h4atba_e --> ,Transport Systems
EX_R_3h6atha_e,R_3h6atha_e --> ,Transport Systems
EX_R_3hcmrs7e_e,R_3hcmrs7e_e --> ,Transport Systems
EX_R_3hdcaa_e,R_3hdcaa_e --> ,Transport Systems
EX_R_3hdd5ea_e,R_3hdd5ea_e --> ,Transport Systems
EX_R_3hdd6e_e,R_3hdd6e_e --> ,Transport Systems
EX_R_3hdda_e,R_3hdda_e --> ,Transport Systems
EX_R_3hhdca_e,R_3hhdca_e --> ,Transport Systems
EX_R_3hhpa_e,R_3hhpa_e --> ,Transport Systems
EX_R_3hhxa_e,R_3hhxa_e --> ,Transport Systems
EX_R_3hnonaa_e,R_3hnonaa_e --> ,Transport Systems
EX_R_3hocta_e,R_3hocta_e --> ,Transport Systems
EX_R_3hpba_e,R_3hpba_e --> ,Transport Systems
EX_R_3hpdeca_e,R_3hpdeca_e --> ,Transport Systems
EX_R_3hphpa_e,R_3hphpa_e --> ,Transport Systems
EX_R_3hphxa_e,R_3hphxa_e --> ,Transport Systems
EX_R_3hpnona_e,R_3hpnona_e --> ,Transport Systems
EX_R_3hpocta_e,R_3hpocta_e --> ,Transport Systems
EX_R_3hppta_e,R_3hppta_e --> ,Transport Systems
EX_R_3hpt_e,R_3hpt_e --> ,Transport Systems
EX_R_3htd58e_e,R_3htd58e_e --> ,Transport Systems
EX_R_3htd5e_e,R_3htd5e_e --> ,Transport Systems
EX_R_3httdca_e,R_3httdca_e --> ,Transport Systems
EX_T4hcinnm_e,T4hcinnm_e --> ,Transport Systems
EX_ac_e,ac_e --> ,Transport Systems
EX_acac_e,acac_e --> ,Transport Systems
EX_acald_e,acald_e --> ,Transport Systems
EX_acon_C_e,acon_C_e --> ,Transport Systems
EX_acser_e,acser_e --> ,Transport Systems
EX_actn__R_e,actn__R_e --> ,Transport Systems
EX_ade_e,ade_e --> ,Transport Systems
EX_adn_e,adn_e --> ,Transport Systems
EX_adocbl_e,adocbl_e --> ,Transport Systems
EX_ag_e,ag_e --> ,Transport Systems
EX_agm_e,agm_e --> ,Transport Systems
EX_akg_e,akg_e --> ,Transport Systems
EX_ala_B_e,ala_B_e --> ,Transport Systems
EX_ala__D_e,ala__D_e --> ,Transport Systems
EX_ala__L_e,ala__L_e --> ,Transport Systems
EX_alaala_e,alaala_e --> ,Transport Systems
EX_alahis_e,alahis_e --> ,Transport Systems
EX_alaleu_e,alaleu_e --> ,Transport Systems
EX_alathr_e,alathr_e --> ,Transport Systems
EX_alatrp_e,alatrp_e --> ,Transport Systems
EX_algac_MG_14_e,algac_MG_14_e --> ,Transport Systems
EX_algac_MG_23_e,algac_MG_23_e --> ,Transport Systems
EX_algac_MG_32_e,algac_MG_32_e --> ,Transport Systems
EX_algac_MG_41_e,algac_MG_41_e --> ,Transport Systems
EX_algac__M_e,algac__M_e --> ,Transport Systems
EX_alltn_e,alltn_e --> ,Transport Systems
EX_apc_e,apc_e --> ,Transport Systems
EX_arbtn_e,arbtn_e --> ,Transport Systems
EX_arbtn_fe3_e,arbtn_fe3_e --> ,Transport Systems
EX_arg__D_e,arg__D_e --> ,Transport Systems
EX_arg__L_e,arg__L_e --> ,Transport Systems
EX_asn__D_e,asn__D_e --> ,Transport Systems
EX_asn__L_e,asn__L_e --> ,Transport Systems
EX_aso3_e,aso3_e --> ,Transport Systems
EX_aso4_e,aso4_e --> ,Transport Systems
EX_asp__L_e,asp__L_e --> ,Transport Systems
EX_balaala_e,balaala_e --> ,Transport Systems
EX_balabala_e,balabala_e --> ,Transport Systems
EX_balagly_e,balagly_e --> ,Transport Systems
EX_balaleu_e,balaleu_e --> ,Transport Systems
EX_balamd_e,balamd_e --> ,Transport Systems
EX_bhb_e,bhb_e --> ,Transport Systems
EX_biliverd_e,biliverd_e --> ,Transport Systems
EX_btd_RR_e,btd_RR_e --> ,Transport Systems
EX_btn_e,btn_e --> ,Transport Systems
EX_butso3_e,butso3_e --> ,Transport Systems
EX_bz_e,bz_e --> ,Transport Systems
EX_ca2_e,ca2_e <=> ,Transport Systems
EX_carn_e,carn_e --> ,Transport Systems
EX_catechol_e,catechol_e --> ,Transport Systems
EX_cbi_e,cbi_e --> ,Transport Systems
EX_cbl1_e,cbl1_e --> ,Transport Systems
EX_cd2_e,cd2_e --> ,Transport Systems
EX_cell4_e,cell4_e --> ,Transport Systems
EX_cgly_e,cgly_e --> ,Transport Systems
EX_chol_e,chol_e --> ,Transport Systems
EX_chols_e,chols_e --> ,Transport Systems
EX_chor_e,chor_e --> ,Transport Systems
EX_cinnm_e,cinnm_e --> ,Transport Systems
EX_cit_e,cit_e --> ,Transport Systems
EX_cl_e,cl_e <=> ,Transport Systems
EX_cm_e,cm_e --> ,Transport Systems
EX_cmcbtt_e,cmcbtt_e --> ,Transport Systems
EX_co2_e,co2_e <=> ,Transport Systems
EX_co_e,co_e --> ,Transport Systems
EX_cobalt2_e,cobalt2_e <=> ,Transport Systems
EX_confrl_e,confrl_e --> ,Transport Systems
EX_creat_e,creat_e --> ,Transport Systems
EX_crn_e,crn_e --> ,Transport Systems
EX_cro2_e,cro2_e --> ,Transport Systems
EX_cro4_e,cro4_e --> ,Transport Systems
EX_crtn_e,crtn_e --> ,Transport Systems
EX_csn_e,csn_e --> ,Transport Systems
EX_cu2_e,cu2_e <=> ,Transport Systems
EX_cu_e,cu_e --> ,Transport Systems
EX_cyan_e,cyan_e --> ,Transport Systems
EX_cys__D_e,cys__D_e --> ,Transport Systems
EX_cys__L_e,cys__L_e --> ,Transport Systems
EX_dag181d9_e,dag181d9_e --> ,Transport Systems
EX_dag182d9d12_e,dag182d9d12_e --> ,Transport Systems
EX_dca_e,dca_e --> ,Transport Systems
EX_ddca_e,ddca_e --> ,Transport Systems
EX_dgudbutn_e,dgudbutn_e --> ,Transport Systems
EX_dmanur_e,dmanur_e --> ,Transport Systems
EX_dmgly_e,dmgly_e --> ,Transport Systems
EX_dmso2_e,dmso2_e --> ,Transport Systems
EX_dopa_e,dopa_e --> ,Transport Systems
EX_ecto__L_e,ecto__L_e --> ,Transport Systems
EX_enter_e,enter_e --> ,Transport Systems
EX_etha_e,etha_e --> ,Transport Systems
EX_ethso3_e,ethso3_e --> ,Transport Systems
EX_etoh_e,etoh_e --> ,Transport Systems
EX_fald_e,fald_e --> ,Transport Systems
EX_fcmcbtt_e,fcmcbtt_e --> ,Transport Systems
EX_fe2_e,fe2_e <=> ,Transport Systems
EX_fe3_e,fe3_e --> ,Transport Systems
EX_fe3dcit_e,fe3dcit_e --> ,Transport Systems
EX_fe3mcbtt_e,fe3mcbtt_e --> ,Transport Systems
EX_fe3pyovd_e,fe3pyovd_e --> ,Transport Systems
EX_fe3pyovd_kt_e,fe3pyovd_kt_e --> ,Transport Systems
EX_fecrm_e,fecrm_e --> ,Transport Systems
EX_fecrm_un_e,fecrm_un_e --> ,Transport Systems
EX_feenter_e,feenter_e --> ,Transport Systems
EX_feoxam_e,feoxam_e --> ,Transport Systems
EX_feoxam_un_e,feoxam_un_e --> ,Transport Systems
EX_fer_e,fer_e --> ,Transport Systems
EX_for_e,for_e --> ,Transport Systems
EX_fru_e,fru_e --> ,Transport Systems
EX_fum_e,fum_e --> ,Transport Systems
EX_ga_e,ga_e --> ,Transport Systems
EX_galct__D_e,galct__D_e --> ,Transport Systems
EX_galur_e,galur_e --> ,Transport Systems
EX_glc__D_e,glc__D_e --> ,Transport Systems
EX_glcn_e,glcn_e --> ,Transport Systems
EX_glcr_e,glcr_e --> ,Transport Systems
EX_glcur_e,glcur_e --> ,Transport Systems
EX_gln__L_e,gln__L_e --> ,Transport Systems
EX_glu__L_e,glu__L_e --> ,Transport Systems
EX_glutar_e,glutar_e --> ,Transport Systems
EX_gly_e,gly_e --> ,Transport Systems
EX_glyald_e,glyald_e --> ,Transport Systems
EX_glyb_e,glyb_e --> ,Transport Systems
EX_glyc__R_e,glyc__R_e --> ,Transport Systems
EX_glyc_e,glyc_e --> ,Transport Systems
EX_glyclt_e,glyclt_e --> ,Transport Systems
EX_glycol_e,glycol_e --> ,Transport Systems
EX_glygln_e,glygln_e --> ,Transport Systems
EX_glyglu_e,glyglu_e --> ,Transport Systems
EX_glygly_e,glygly_e --> ,Transport Systems
EX_glymet_e,glymet_e --> ,Transport Systems
EX_glyphe_e,glyphe_e --> ,Transport Systems
EX_glyser_e,glyser_e --> ,Transport Systems
EX_gua_e,gua_e --> ,Transport Systems
EX_gudac_e,gudac_e --> ,Transport Systems
EX_gudptn_e,gudptn_e --> ,Transport Systems
EX_h2o2_e,h2o2_e --> ,Transport Systems
EX_h2o_e,h2o_e <=> ,Transport Systems
EX_h2s_e,h2s_e --> ,Transport Systems
EX_h_e,h_e <=> ,Transport Systems
EX_hco3_e,hco3_e <=> ,Transport Systems
EX_hcys__L_e,hcys__L_e --> ,Transport Systems
EX_hdca_e,hdca_e --> ,Transport Systems
EX_hdcea_e,hdcea_e --> ,Transport Systems
EX_hg2_e,hg2_e --> ,Transport Systems
EX_hgentis_e,hgentis_e --> ,Transport Systems
EX_his__L_e,his__L_e --> ,Transport Systems
EX_hisgly_e,hisgly_e --> ,Transport Systems
EX_hishis_e,hishis_e --> ,Transport Systems
EX_hom__L_e,hom__L_e --> ,Transport Systems
EX_hpta_e,hpta_e --> ,Transport Systems
EX_hxa_e,hxa_e --> ,Transport Systems
EX_hxan_e,hxan_e --> ,Transport Systems
EX_icit_e,icit_e --> ,Transport Systems
EX_ile__L_e,ile__L_e --> ,Transport Systems
EX_ind3ac_e,ind3ac_e --> ,Transport Systems
EX_indole_e,indole_e --> ,Transport Systems
EX_ins_e,ins_e --> ,Transport Systems
EX_isetac_e,isetac_e --> ,Transport Systems
EX_k_e,k_e <=> ,Transport Systems
EX_lac__D_e,lac__D_e --> ,Transport Systems
EX_lac__L_e,lac__L_e --> ,Transport Systems
EX_leu__D_e,leu__D_e --> ,Transport Systems
EX_leu__L_e,leu__L_e --> ,Transport Systems
EX_leuleu_e,leuleu_e --> ,Transport Systems
EX_lnlc_e,lnlc_e --> ,Transport Systems
EX_lpspput_e,lpspput_e --> ,Transport Systems
EX_lys__D_e,lys__D_e --> ,Transport Systems
EX_lys__L_e,lys__L_e --> ,Transport Systems
EX_m_xyl_e,m_xyl_e --> ,Transport Systems
EX_mal__D_e,mal__D_e --> ,Transport Systems
EX_mal__L_e,mal__L_e --> ,Transport Systems
EX_man_e,man_e --> ,Transport Systems
EX_manur_e,manur_e --> ,Transport Systems
EX_mcbtt_e,mcbtt_e --> ,Transport Systems
EX_meoh_e,meoh_e --> ,Transport Systems
EX_met__L_e,met__L_e --> ,Transport Systems
EX_mg2_e,mg2_e <=> ,Transport Systems
EX_mmet_e,mmet_e --> ,Transport Systems
EX_mn2_e,mn2_e <=> ,Transport Systems
EX_mobd_e,mobd_e <=> ,Transport Systems
EX_mso3_e,mso3_e --> ,Transport Systems
EX_na1_e,na1_e <=> ,Transport Systems
EX_nac_e,nac_e --> ,Transport Systems
EX_nh4_e,nh4_e <=> ,Transport Systems
EX_ni2_e,ni2_e <=> ,Transport Systems
EX_no2_e,no2_e --> ,Transport Systems
EX_no3_e,no3_e --> ,Transport Systems
EX_no_e,no_e --> ,Transport Systems
EX_nona_e,nona_e --> ,Transport Systems
EX_o2_e,o2_e <-- ,Transport Systems
EX_o_xyl_e,o_xyl_e --> ,Transport Systems
EX_oaa_e,oaa_e --> ,Transport Systems
EX_ocdca_e,ocdca_e --> ,Transport Systems
EX_ocdcea_e,ocdcea_e --> ,Transport Systems
EX_octa_e,octa_e --> ,Transport Systems
EX_orn__D_e,orn__D_e --> ,Transport Systems
EX_orn_e,orn_e --> ,Transport Systems
EX_orot_e,orot_e --> ,Transport Systems
EX_oxa_e,oxa_e --> ,Transport Systems
EX_5g2oxpt_e,5g2oxpt_e --> ,Transport Systems
EX_p_xyl_e,p_xyl_e --> ,Transport Systems
EX_pac_e,pac_e --> ,Transport Systems
EX_pacald_e,pacald_e --> ,Transport Systems
EX_pb2_e,pb2_e --> ,Transport Systems
EX_pea_e,pea_e --> ,Transport Systems
EX_peamn_e,peamn_e --> ,Transport Systems
EX_pentso3_e,pentso3_e --> ,Transport Systems
EX_phe__D_e,phe__D_e --> ,Transport Systems
EX_phe__L_e,phe__L_e --> ,Transport Systems
EX_phedca_e,phedca_e --> ,Transport Systems
EX_phehpa_e,phehpa_e --> ,Transport Systems
EX_phehxa_e,phehxa_e --> ,Transport Systems
EX_pheme_e,pheme_e --> ,Transport Systems
EX_phenona_e,phenona_e --> ,Transport Systems
EX_pheocta_e,pheocta_e --> ,Transport Systems
EX_phept_e,phept_e --> ,Transport Systems
EX_phpyr_e,phpyr_e --> ,Transport Systems
EX_pi_e,pi_e <=> ,Transport Systems
EX_pnto__R_e,pnto__R_e --> ,Transport Systems
EX_ppa_e,ppa_e --> ,Transport Systems
EX_ppi_e,ppi_e --> ,Transport Systems
EX_prealg_MG_14_e,prealg_MG_14_e --> ,Transport Systems
EX_prealg_MG_23_e,prealg_MG_23_e --> ,Transport Systems
EX_prealg_MG_32_e,prealg_MG_32_e --> ,Transport Systems
EX_prealg_MG_41_e,prealg_MG_41_e --> ,Transport Systems
EX_prealginate__G_e,prealginate__G_e --> ,Transport Systems
EX_pro__D_e,pro__D_e --> ,Transport Systems
EX_pro__L_e,pro__L_e --> ,Transport Systems
EX_progly_e,progly_e --> ,Transport Systems
EX_pta_e,pta_e --> ,Transport Systems
EX_ptrc_e,ptrc_e --> ,Transport Systems
EX_ptsla_e,ptsla_e --> ,Transport Systems
EX_pydam_e,pydam_e --> ,Transport Systems
EX_pyovd_e,pyovd_e --> ,Transport Systems
EX_pyovd_kt_e,pyovd_kt_e --> ,Transport Systems
EX_pyr_e,pyr_e --> ,Transport Systems
EX_quin_e,quin_e --> ,Transport Systems
EX_rib__D_e,rib__D_e --> ,Transport Systems
EX_sbo3_e,sbo3_e --> ,Transport Systems
EX_sel_e,sel_e <=> ,Transport Systems
EX_ser__D_e,ser__D_e --> ,Transport Systems
EX_ser__L_e,ser__L_e --> ,Transport Systems
EX_sheme_e,sheme_e --> ,Transport Systems
EX_skm_e,skm_e --> ,Transport Systems
EX_so2_e,so2_e --> ,Transport Systems
EX_so3_e,so3_e --> ,Transport Systems
EX_so4_e,so4_e <=> ,Transport Systems
EX_spmd_e,spmd_e --> ,Transport Systems
EX_succ_e,succ_e --> ,Transport Systems
EX_sulfac_e,sulfac_e --> ,Transport Systems
EX_tag160_e,tag160_e --> ,Transport Systems
EX_tag180_e,tag180_e --> ,Transport Systems
EX_tag181d9_e,tag181d9_e --> ,Transport Systems
EX_tag182d9d12_e,tag182d9d12_e --> ,Transport Systems
EX_taur_e,taur_e --> ,Transport Systems
EX_tcynt_e,tcynt_e --> ,Transport Systems
EX_thr__L_e,thr__L_e --> ,Transport Systems
EX_thym_e,thym_e --> ,Transport Systems
EX_tmanur_e,tmanur_e --> ,Transport Systems
EX_tnt_e,tnt_e --> ,Transport Systems
EX_tol_e,tol_e --> ,Transport Systems
EX_trp__L_e,trp__L_e --> ,Transport Systems
EX_tsul_e,tsul_e --> ,Transport Systems
EX_ttdca_e,ttdca_e --> ,Transport Systems
EX_ttdcea_e,ttdcea_e --> ,Transport Systems
EX_ttrcyc_e,ttrcyc_e --> ,Transport Systems
EX_tungs_e,tungs_e <=> ,Transport Systems
EX_tyr__D_e,tyr__D_e --> ,Transport Systems
EX_tyr__L_e,tyr__L_e --> ,Transport Systems
EX_ura_e,ura_e --> ,Transport Systems
EX_urea_e,urea_e --> ,Transport Systems
EX_uri_e,uri_e --> ,Transport Systems
EX_vacc_e,vacc_e --> ,Transport Systems
EX_val__D_e,val__D_e --> ,Transport Systems
EX_val__L_e,val__L_e --> ,Transport Systems
EX_vanln_e,vanln_e --> ,Transport Systems
EX_vanlt_e,vanlt_e --> ,Transport Systems
EX_xan_e,xan_e --> ,Transport Systems
EX_zn2_e_,zn2_e <=> ,Transport Systems
FA100ACPHi,dcaACP_c + h2o_c --> ACP_c + dca_c + h_c,Fatty Acid and Lipid Metabolism
FA120ACPHi,ddcaACP_c + h2o_c --> ACP_c + ddca_c + h_c,Fatty Acid and Lipid Metabolism
FA140ACPHi,h2o_c + myrsACP_c --> ACP_c + h_c + ttdca_c,Fatty Acid and Lipid Metabolism
FA141ACPHi,h2o_c + tdeACP_c --> ACP_c + h_c + ttdcea_c,Fatty Acid and Lipid Metabolism
FA160ACPHi,h2o_c + palmACP_c --> ACP_c + h_c + hdca_c,Fatty Acid and Lipid Metabolism
FA161ACPHi,h2o_c + hdeACP_c --> ACP_c + h_c + hdcea_c,Fatty Acid and Lipid Metabolism
FA80ACPHi,h2o_c + ocACP_c --> ACP_c + h_c + octa_c,Fatty Acid and Lipid Metabolism
FACOAE100,dcacoa_c + h2o_c --> coa_c + dca_c + h_c,Fatty Acid and Lipid Metabolism
FACOAE120,ddcacoa_c + h2o_c --> coa_c + ddca_c + h_c,Fatty Acid and Lipid Metabolism
FACOAE140,h2o_c + tdcoa_c --> coa_c + h_c + ttdca_c,Fatty Acid and Lipid Metabolism
FACOAE141,h2o_c + tdecoa_c --> coa_c + h_c + ttdcea_c,Fatty Acid and Lipid Metabolism
FACOAE160,h2o_c + pmtcoa_c --> coa_c + h_c + hdca_c,Fatty Acid and Lipid Metabolism
FACOAE161,h2o_c + hdcoa_c --> coa_c + h_c + hdcea_c,Fatty Acid and Lipid Metabolism
FACOAE180,h2o_c + stcoa_c --> coa_c + h_c + ocdca_c,Fatty Acid and Lipid Metabolism
FACOAE181,h2o_c + odecoa_c --> coa_c + h_c + ocdcea_c,Fatty Acid and Lipid Metabolism
HMR_0260,h2o_c + vacccoa_c --> coa_c + h_c + vacc_c,Fatty Acid and Lipid Metabolism
FACOAE1829Z12Z,h2o_c + lnlccoa_c --> coa_c + h_c + lnlc_c,Fatty Acid and Lipid Metabolism
FACOAE50,h2o_c + ptcoa_c --> coa_c + h_c + pta_c,Fatty Acid and Lipid Metabolism
FACOAE60,h2o_c + hxcoa_c --> coa_c + h_c + hxa_c,Fatty Acid and Lipid Metabolism
FACOAE70,h2o_c + hptcoa_c --> coa_c + h_c + hpta_c,Fatty Acid and Lipid Metabolism
FACOAE80,h2o_c + occoa_c --> coa_c + h_c + octa_c,Fatty Acid and Lipid Metabolism
FACOAE90,h2o_c + nonacoa_c --> coa_c + h_c + nona_c,Fatty Acid and Lipid Metabolism
HMR_0180,atp_c + coa_c + dca_c --> amp_c + dcacoa_c + ppi_c,Nucleotide Metabolism
FACOAL100t2pp,atp_c + coa_c + dca_p + h_p --> amp_c + dcacoa_c + h_c + ppi_c,Fatty Acid and Lipid Metabolism
HMR_0188,atp_c + coa_c + ddca_c --> amp_c + ddcacoa_c + ppi_c,Fatty Acid and Lipid Metabolism
FACOAL120t2pp,atp_c + coa_c + ddca_p + h_p --> amp_c + ddcacoa_c + h_c + ppi_c,Fatty Acid and Lipid Metabolism
FACOAL140,atp_c + coa_c + ttdca_c --> amp_c + ppi_c + tdcoa_c,Fatty Acid and Lipid Metabolism
FACOAL140t2pp,atp_c + coa_c + h_p + ttdca_p --> amp_c + h_c + ppi_c + tdcoa_c,Fatty Acid and Lipid Metabolism
FACOAL141,atp_c + coa_c + ttdcea_c --> amp_c + ppi_c + tdecoa_c,Fatty Acid and Lipid Metabolism
FACOAL141t2pp,atp_c + coa_c + h_p + ttdcea_p --> amp_c + h_c + ppi_c + tdecoa_c,Fatty Acid and Lipid Metabolism
FACOAL160,atp_c + coa_c + hdca_c --> amp_c + pmtcoa_c + ppi_c,Fatty Acid and Lipid Metabolism
FACOAL160t2pp,atp_c + coa_c + h_p + hdca_p --> amp_c + h_c + pmtcoa_c + ppi_c,Fatty Acid and Lipid Metabolism
FACOAL161,atp_c + coa_c + hdcea_c --> amp_c + hdcoa_c + ppi_c,Fatty Acid and Lipid Metabolism
FACOAL161t2pp,atp_c + coa_c + h_p + hdcea_p --> amp_c + h_c + hdcoa_c + ppi_c,Fatty Acid and Lipid Metabolism
FACOAL180,atp_c + coa_c + ocdca_c --> amp_c + ppi_c + stcoa_c,Fatty Acid and Lipid Metabolism
FACOAL180t2pp,atp_c + coa_c + h_p + ocdca_p --> amp_c + h_c + ppi_c + stcoa_c,Fatty Acid and Lipid Metabolism
FACOAL1812,atp_c + coa_c + vacc_c --> amp_c + ppi_c + vacccoa_c,Fatty Acid and Lipid Metabolism
FACOAL181d11tpp,atp_c + coa_c + h_p + vacc_p --> amp_c + h_c + ppi_c + vacccoa_c,Fatty Acid and Lipid Metabolism
FACOAL181d6t2pp,atp_c + coa_c + h_p + ptsla_p --> amp_c + h_c + ppi_c + ptslacoa_c,Fatty Acid and Lipid Metabolism
FACOAL181,atp_c + coa_c + ocdcea_c --> amp_c + odecoa_c + ppi_c,Fatty Acid and Lipid Metabolism
FACOAL181t2pp,atp_c + coa_c + h_p + ocdcea_p --> amp_c + h_c + odecoa_c + ppi_c,Fatty Acid and Lipid Metabolism
FACOAL1821,atp_c + coa_c + lnlc_c --> amp_c + lnlccoa_c + ppi_c,Fatty Acid and Lipid Metabolism
FACOAL182t2pp,atp_c + coa_c + h_p + lnlc_p --> amp_c + h_c + lnlccoa_c + ppi_c,Fatty Acid and Lipid Metabolism
FACOAL50i,atp_c + coa_c + pta_c --> amp_c + ppi_c + ptcoa_c,Fatty Acid and Lipid Metabolism
FACOAL50t2pp,atp_c + coa_c + h_p + pta_p --> amp_c + h_c + ppi_c + ptcoa_c,Fatty Acid and Lipid Metabolism
FACOAL60i,atp_c + coa_c + hxa_c --> amp_c + hxcoa_c + ppi_c,Fatty Acid and Lipid Metabolism
FACOAL60t2pp,atp_c + coa_c + h_p + hxa_p --> amp_c + h_c + hxcoa_c + ppi_c,Fatty Acid and Lipid Metabolism
FACOAL_70_c,atp_c + coa_c + hpta_c --> amp_c + hptcoa_c + ppi_c,Fatty Acid and Lipid Metabolism
FACOAL70t2pp,atp_c + coa_c + h_p + hpta_p --> amp_c + h_c + hptcoa_c + ppi_c,Fatty Acid and Lipid Metabolism
FACOAL80,atp_c + coa_c + octa_c --> amp_c + occoa_c + ppi_c,Fatty Acid and Lipid Metabolism
FACOAL80t2pp,atp_c + coa_c + h_p + octa_p --> amp_c + h_c + occoa_c + ppi_c,Fatty Acid and Lipid Metabolism
FACOAL90i,atp_c + coa_c + nona_c --> amp_c + nonacoa_c + ppi_c,Fatty Acid and Lipid Metabolism
FACOAL90t2pp,atp_c + coa_c + h_p + nona_p --> amp_c + h_c + nonacoa_c + ppi_c,Fatty Acid and Lipid Metabolism
FACOALP100t2pp,atp_c + coa_c + h_p + phedca_p --> amp_c + h_c + pdcacoa_c + ppi_c,Fatty Acid and Lipid Metabolism
FACOALP50t2pp,atp_c + coa_c + h_p + phept_p --> amp_c + h_c + ppi_c + pptcoa_c,Fatty Acid and Lipid Metabolism
FACOALP60t2pp,atp_c + coa_c + h_p + phehxa_p --> amp_c + h_c + phxacoa_c + ppi_c,Fatty Acid and Lipid Metabolism
FACOALP70t2pp,atp_c + coa_c + h_p + phehpa_p --> amp_c + h_c + phpcoa_c + ppi_c,Fatty Acid and Lipid Metabolism
FACOALP80t2pp,atp_c + coa_c + h_p + pheocta_p --> amp_c + h_c + poctacoa_c + ppi_c,Fatty Acid and Lipid Metabolism
FACOALP90t2pp,atp_c + coa_c + h_p + phenona_p --> amp_c + h_c + pnonacoa_c + ppi_c,Fatty Acid and Lipid Metabolism
FACOALT60t2pp,6atha_p + atp_c + coa_c + h_p --> 6athcoa_c + amp_c + h_c + ppi_c,Fatty Acid and Lipid Metabolism
FALDH2,hmgth_c + nad_c <=> Sfglutth_c + h_c + nadh_c,Cellular Processes and Storage
FALDM,2.0 fald_c + h2o_c <=> for_c + h_c + meoh_c,Cellular Processes and Storage
FALDep,fald_c + h_p --> fald_e + h_c,Transport Systems
FALDtex,fald_e <=> fald_p,Transport Systems
FALDtpp,fald_p <=> fald_c,Transport Systems
FALDtpp2,fald_c + h_p --> fald_p + h_c,Transport Systems
FALGTHLs,fald_c + gthrd_c <=> hmgth_c,Cellular Processes and Storage
FBA,fdp_c <=> dhap_c + g3p_c,Central Carbon Metabolism
FBACS,24dab_c + 3hasp__L_c + asp__L_c + gly_c + n5horn_c + orn_c + ser__L_c --> fbac_kt_c + 6.0 h2o_c,Metal and Inorganic Metabolism
FBACabcpp,atp_c + fbac_kt_c + h2o_c --> adp_c + fbac_kt_p + h_c + pi_c,Transport Systems
FBP,fdp_c + h2o_c --> f6p_c + pi_c,Central Carbon Metabolism
FCLT,fe2_c + ppp9_c --> 2.0 h_c + pheme_c,Cofactor and Vitamin Biosynthesis
FCOAHA,ferulcoa_c + h2o_c --> accoa_c + vanln_c,Aromatic Compound Degradation
FDH,for_c + nad_c --> co2_c + nadh_c,Cellular Processes and Storage
FDMO,fmnh2_c + isetac_c + o2_c --> fmn_c + gcald_c + h2o_c + h_c + so3_c,Metal and Inorganic Metabolism
FDMO2,fmnh2_c + mso3_c + o2_c --> fald_c + fmn_c + h2o_c + h_c + so3_c,Metal and Inorganic Metabolism
FDMO3,ethso3_c + fmnh2_c + o2_c --> acald_c + fmn_c + h2o_c + h_c + so3_c,Metal and Inorganic Metabolism
FDMO4,butso3_c + fmnh2_c + o2_c --> btal_c + fmn_c + h2o_c + h_c + so3_c,Metal and Inorganic Metabolism
FDMO5,fmnh2_c + o2_c + pentso3_c --> fmn_c + h2o_c + h_c + ptal_c + so3_c,Metal and Inorganic Metabolism
FDMO6,fmnh2_c + o2_c + sulfac_c --> fmn_c + glx_c + h2o_c + h_c + so3_c,Metal and Inorganic Metabolism
FDMO7,dmso2_c + 2.0 fmnh2_c + 2.0 o2_c --> fald_c + 2.0 fmn_c + 2.0 h2o_c + h_c + mso3_c,Metal and Inorganic Metabolism
FDMOtau,fmnh2_c + o2_c + taur_c --> aacald_c + fmn_c + h2o_c + h_c + so3_c,Metal and Inorganic Metabolism
FE2t3pp,fe2_c + h_p --> fe2_p + h_c,Metal and Inorganic Metabolism
FE2tex,fe2_e <=> fe2_p,Metal and Inorganic Metabolism
FE3DCIT2abcpp,atp_c + fe3dcit_p + h2o_c --> adp_c + fe3dcit_c + h_c + pi_c,Metal and Inorganic Metabolism
FE3DCITCH,2.0 cit_c + fe3_c <=> fe3dcit_c,Metal and Inorganic Metabolism
FE3DCITR,fdxr_42_c + 2.0 fe3dcit_c --> 4.0 cit_c + fdxo_42_c + 2.0 fe2_c,Metal and Inorganic Metabolism
FE3DCITR2,fdxr_22_c + fe3dcit_c --> 2.0 cit_c + fdxo_22_c + fe2_c,Metal and Inorganic Metabolism
FE3DCITR3,2.0 fe3dcit_c + fmnh2_c --> 4.0 cit_c + 2.0 fe2_c + fmn_c + 2.0 h_c,Metal and Inorganic Metabolism
FE3DCITR4,fe3dcit_c + flxr_c --> 2.0 cit_c + fe2_c + flxso_c,Metal and Inorganic Metabolism
FE3DCITabcpp,atp_c + fe3dcit_p + h2o_c --> adp_c + 2.0 cit_c + fe3_c + h_c + pi_c,Metal and Inorganic Metabolism
FE3DCITtonex,fe3dcit_e + h_p --> fe3dcit_p + h_c,Transport Systems
FE3PYOVD2tonex,fe3pyovd_kt_e + h_p --> fe3pyovd_kt_p + h_c,Metal and Inorganic Metabolism
FE3PYOVDDR,fe3pyovd_p <=> fe2_p + pyovd_p,Metal and Inorganic Metabolism
FE3PYOVDDR2,2.0 fe3pyovd_kt_p + pqqh2_p <=> 2.0 fe2_p + 2.0 h_p + pqq_p + 2.0 pyovd_kt_p,Metal and Inorganic Metabolism
FE3PYOVDL,fe3_e + pyovd_e <=> fe3pyovd_e,Metal and Inorganic Metabolism
FE3PYOVDL2,fe3_e + pyovd_kt_e <=> fe3pyovd_kt_e,Metal and Inorganic Metabolism
FE3PYOVDtonex,fe3pyovd_e + h_p --> fe3pyovd_p + h_c,Metal and Inorganic Metabolism
FE3abcpp,atp_c + fe3_p + h2o_c --> adp_c + fe3_c + h_c + pi_c,Metal and Inorganic Metabolism
FECRMR1,fadh2_c + 2.0 fecrm_c --> fad_c + 2.0 fe2_c + 2.0 fecrm_un_c + 2.0 h_c,Metal and Inorganic Metabolism
FECRMR2,2.0 fecrm_c + fmnh2_c --> 2.0 fe2_c + 2.0 fecrm_un_c + fmn_c + 2.0 h_c,Metal and Inorganic Metabolism
FECRMUtex,fecrm_un_p + h_p --> fecrm_un_e + h_c,Metal and Inorganic Metabolism
FECRMUtpp,fecrm_un_c + h_p --> fecrm_un_p + h_c,Metal and Inorganic Metabolism
FECRMabcpp,atp_c + fecrm_p + h2o_c --> adp_c + fecrm_c + h_c + pi_c,Metal and Inorganic Metabolism
FECRMexs,fe3_e + fecrm_un_e --> fecrm_e,Metal and Inorganic Metabolism
FECRMtonex,fecrm_e + h_p --> fecrm_p + h_c,Metal and Inorganic Metabolism
FEENTERR1,fadh2_c + 2.0 feenter_c --> 2.0 enter_c + fad_c + 2.0 fe2_c + 2.0 h_c,Metal and Inorganic Metabolism
FEENTERR2,2.0 feenter_c + fmnh2_c --> 2.0 enter_c + 2.0 fe2_c + fmn_c + 2.0 h_c,Metal and Inorganic Metabolism
FEENTERabcpp,atp_c + feenter_p + h2o_c --> adp_c + feenter_c + h_c + pi_c,Metal and Inorganic Metabolism
FEENTERexs,enter_e + fe3_e --> feenter_e,Metal and Inorganic Metabolism
FEENTERtex,enter_p + h_p --> enter_e + h_c,Metal and Inorganic Metabolism
FEENTERtonex,feenter_e + h_p --> feenter_p + h_c,Metal and Inorganic Metabolism
FEENTERtpp,enter_c + h_p --> enter_p + h_c,Metal and Inorganic Metabolism
FEOXAMR1,fadh2_c + 2.0 feoxam_c --> fad_c + 2.0 fe2_c + 2.0 feoxam_un_c + 2.0 h_c,Metal and Inorganic Metabolism
FEOXAMR2,2.0 feoxam_c + fmnh2_c --> 2.0 fe2_c + 2.0 feoxam_un_c + fmn_c + 2.0 h_c,Metal and Inorganic Metabolism
FEOXAMUtex,feoxam_un_p + h_p --> feoxam_un_e + h_c,Metal and Inorganic Metabolism
FEOXAMUtpp,feoxam_un_c + h_p --> feoxam_un_p + h_c,Metal and Inorganic Metabolism
FEOXAMabcpp,atp_c + feoxam_p + h2o_c --> adp_c + feoxam_c + h_c + pi_c,Metal and Inorganic Metabolism
FEOXAMexs,fe3_e + feoxam_un_e --> feoxam_e,Metal and Inorganic Metabolism
FEOXAMtonex,feoxam_e + h_p --> feoxam_p + h_c,Metal and Inorganic Metabolism
FEROpp,4.0 fe2_p + 4.0 h_p + o2_p --> 4.0 fe3_p + 2.0 h2o_p,Metal and Inorganic Metabolism
FERULCOAS,atp_c + coa_c + fer_c --> amp_c + ferulcoa_c + ppi_c,Aromatic Compound Degradation
FERtex,fer_e <=> fer_p,Transport Systems
FERtpp,fer_p <=> fer_c,Transport Systems
FLDR2,2.0 flxso_c + nadph_c --> 2.0 flxr_c + h_c + nadp_c,Metal and Inorganic Metabolism
FMETTRS,10fthf_c + mettrna_c --> fmettrna_c + h_c + thf_c,Cellular Processes and Storage
FMNAT,atp_c + fmn_c + h_c --> fad_c + ppi_c,Cofactor and Vitamin Biosynthesis
FMNR2r,fmn_c + h_c + nadph_c <=> fmnh2_c + nadp_c,Cofactor and Vitamin Biosynthesis
FMNRx,fmn_c + h_c + nadh_c --> fmnh2_c + nad_c,Metal and Inorganic Metabolism
FMNRx2,fmn_c + h_c + nadph_c --> fmnh2_c + nadp_c,Cofactor and Vitamin Biosynthesis
FOLD3,2ahhmd_c + 4abz_c --> dhpt_c + ppi_c,Cofactor and Vitamin Biosynthesis
FORGLUIH2,forglu_c + h2o_c + h_c --> Nforglu_c + nh4_c,Amino Acid Metabolism
FORt2pp,for_p + h_p --> for_c + h_c,Transport Systems
FORtex,for_e <=> for_p,Transport Systems
FRDO4r,2.0 fdxr_22_c + h_c + nadp_c <=> 2.0 fdxo_22_c + nadph_c,Metal and Inorganic Metabolism
FRDO5r,fdxr_42_c + h_c + nadp_c <=> fdxo_42_c + nadph_c,Metal and Inorganic Metabolism
FRDO6r,fdxr_42_c + h_c + nad_c <=> fdxo_42_c + nadh_c,Metal and Inorganic Metabolism
FRDO7r,2.0 fdxr_22_c + h_c + nad_c <=> 2.0 fdxo_22_c + nadh_c,Metal and Inorganic Metabolism
FRUK,atp_c + f1p_c --> adp_c + fdp_c + h_c,Alternative Carbon Metabolism
FRUptspp,fru_p + pep_c --> f1p_c + pyr_c,Alternative Carbon Metabolism
FRUtex,fru_e <=> fru_p,Transport Systems
FTHFCL,5fthf_c + atp_c --> adp_c + methf_c + pi_c,Cofactor and Vitamin Biosynthesis
FTHFD,10fthf_c + h2o_c --> for_c + h_c + thf_c,Cofactor and Vitamin Biosynthesis
FUM,fum_c + h2o_c <=> mal__L_c,Central Carbon Metabolism
FUMAC,4fumacac_c + h2o_c --> acac_c + fum_c + h_c,Aromatic Compound Degradation
FUMt2_2pp,fum_p + 2.0 h_p --> fum_c + 2.0 h_c,Transport Systems
FUMtex,fum_e <=> fum_p,Transport Systems
G1PACT,accoa_c + gam1p_c --> acgam1p_c + coa_c + h_c,Cell Envelope and Wall Biosynthesis
G1PTT,dttp_c + g1p_c + h_c --> dtdpglu_c + ppi_c,Cellular Processes and Storage
G1SAT,glu1sa_c <=> 5aop_c,Cofactor and Vitamin Biosynthesis
G2PP,glyc2p_c + h2o_c --> glyc_c + pi_c,Alternative Carbon Metabolism
G3PAT120,ddcaACP_c + glyc3p_c --> 1ddecg3p_c + ACP_c,Fatty Acid and Lipid Metabolism
G3PAT140,glyc3p_c + myrsACP_c --> 1tdecg3p_c + ACP_c,Fatty Acid and Lipid Metabolism
G3PAT141,glyc3p_c + tdeACP_c --> 1tdec7eg3p_c + ACP_c,Fatty Acid and Lipid Metabolism
G3PAT160,glyc3p_c + palmACP_c --> 1hdecg3p_c + ACP_c,Fatty Acid and Lipid Metabolism
G3PAT161,glyc3p_c + hdeACP_c --> 1hdec9eg3p_c + ACP_c,Fatty Acid and Lipid Metabolism
G3PAT180,glyc3p_c + ocdcaACP_c --> 1odecg3p_c + ACP_c,Fatty Acid and Lipid Metabolism
G3PAT181,glyc3p_c + octeACP_c --> 1odec11eg3p_c + ACP_c,Fatty Acid and Lipid Metabolism
G3PD2,glyc3p_c + nadp_c <=> dhap_c + h_c + nadph_c,Fatty Acid and Lipid Metabolism
G3PD5,glyc3p_c + q8_c --> dhap_c + q8h2_c,Fatty Acid and Lipid Metabolism
G3PEabcpp,atp_c + g3pe_p + h2o_c --> adp_c + g3pe_c + h_c + pi_c,Transport Systems
G3PGabcpp,atp_c + g3pg_p + h2o_c --> adp_c + g3pg_c + h_c + pi_c,Transport Systems
G5SADs,glu5sa_c --> 1pyr5c_c + h2o_c + h_c,Amino Acid Metabolism
G5SD,glu5p_c + h_c + nadph_c --> glu5sa_c + nadp_c + pi_c,Amino Acid Metabolism
G6PBDH,g6p_B_c + nadp_c --> 6pgl_c + h_c + nadph_c,Central Carbon Metabolism
G6PDH2r,g6p_c + nadp_c --> 6pgl_c + h_c + nadph_c,Central Carbon Metabolism
G6PI,g6p_c <=> g6p_B_c,Central Carbon Metabolism
GACH,gudac_c + h2o_c --> gly_c + urea_c,Nitrogen Metabolism
GAD2ktpp,glcn_p + q8_c <=> 2dhglcn_p + q8h2_c,Central Carbon Metabolism
GADOX,ga_c + o2_c --> 2.0 h_c + omaketo_c,Aromatic Compound Degradation
GALCTD,galct__D_c --> 5dh4dglc_c + h2o_c,Alternative Carbon Metabolism
GALCTt2rpp,galct__D_p + h_p <=> galct__D_c + h_c,Transport Systems
GALCTtex,galct__D_e <=> galct__D_p,Transport Systems
GALURDH,galur_c + h2o_c + nad_c <=> galct__D_c + 2.0 h_c + nadh_c,Alternative Carbon Metabolism
GALURt2rpp,galur_p + h_p <=> galur_c + h_c,Transport Systems
GALURtex,galur_e <=> galur_p,Transport Systems
GALUi,g1p_c + h_c + utp_c --> ppi_c + udpg_c,Alternative Carbon Metabolism
GAPD,g3p_c + nad_c + pi_c <=> 13dpg_c + h_c + nadh_c,Central Carbon Metabolism
GARFT,10fthf_c + gar_c <=> fgam_c + h_c + thf_c,Nucleotide Metabolism
GART,atp_c + for_c + gar_c --> adp_c + fgam_c + h_c + pi_c,Nucleotide Metabolism
GAt1,ga_e <=> ga_p,Transport Systems
GAt2pp,ga_p + h_p <=> ga_c + h_c,Transport Systems
GBDM,glyb_c + h2o_c + o2_c --> dmgly_c + fald_c + h2o2_c,Nitrogen Metabolism
GCALDD,gcald_c + h2o_c + nad_c --> glyclt_c + 2.0 h_c + nadh_c,Cofactor and Vitamin Biosynthesis
GCALDtabcpp,atp_c + gcald_p + h2o_c --> adp_c + gcald_c + h_c + pi_c,Transport Systems
GDBTALDH,gdbtal_c + h2o_c + nad_c --> 4gudbutn_c + 2.0 h_c + nadh_c,Amino Acid Metabolism
GDPDPK,atp_c + gdp_c --> amp_c + h_c + ppgpp_c,Nucleotide Metabolism
GDPMANNDH,gdpmann_c + h2o_c + 2.0 nad_c --> gdpmanur_c + 3.0 h_c + 2.0 nadh_c,Cellular Processes and Storage
GDPTPDP,gdptp_c + h2o_c --> gtp_c + ppi_c,Cofactor and Vitamin Biosynthesis
GF6PTA,f6p_c + gln__L_c --> gam6p_c + glu__L_c,Cell Envelope and Wall Biosynthesis
GG15DAPAH,ggaptn_c + h2o_c --> 5aptn_c + glu__L_c,Nitrogen Metabolism
GG15DAPDxr,ggbdapal_c + h2o_c + nad_c <=> ggaptn_c + 2.0 h_c + nadh_c,Nitrogen Metabolism
GG15DAPO,gg15dap_c + h2o_c + o2_c --> ggbdapal_c + h2o2_c + nh4_c,Nitrogen Metabolism
GG15DAPS,15dap_c + atp_c + glu__L_c --> adp_c + gg15dap_c + h_c + pi_c,Nitrogen Metabolism
GGDAPAH,ggala__B_c + h2o_c --> ala_B_c + glu__L_c,Nitrogen Metabolism
GGDAPDxr,ggbamppal_c + h2o_c + nad_c <=> ggala__B_c + 2.0 h_c + nadh_c,Nitrogen Metabolism
GGDAPO,gg13dampp_c + h2o_c + o2_c --> ggbamppal_c + h2o2_c + nh4_c,Nitrogen Metabolism
GGDAPS,13dampp_c + atp_c + glu__L_c --> adp_c + gg13dampp_c + h_c + pi_c,Nitrogen Metabolism
GGGABADxr,ggbutal_c + h2o_c + nad_c <=> gg4abut_c + 2.0 h_c + nadh_c,Nitrogen Metabolism
GGGABAH,gg4abut_c + h2o_c --> 4abut_c + glu__L_c,Nitrogen Metabolism
GGPTRCO,ggptrc_c + h2o_c + o2_c --> ggbutal_c + h2o2_c + nh4_c,Nitrogen Metabolism
GGPTRCS,atp_c + glu__L_c + ptrc_c --> adp_c + ggptrc_c + h_c + pi_c,Nitrogen Metabolism
GGSPMDO,ggspmd_c + h2o_c + o2_c --> 13dampp_c + ggbutal_c + h2o2_c,Nitrogen Metabolism
GGSPMDS,atp_c + glu__L_c + spmd_c --> adp_c + ggspmd_c + h_c + pi_c,Nitrogen Metabolism
GHMT2r,ser__L_c + thf_c --> gly_c + h2o_c + mlthf_c,Amino Acid Metabolism
GK1,atp_c + gmp_c <=> adp_c + gdp_c,Nucleotide Metabolism
GLBRAN3,glyg4n_c --> bglyg4n_c,Alternative Carbon Metabolism
GLCDpp,glc__D_p + h2o_p + q8_c --> glcn_p + h_p + q8h2_c,Central Carbon Metabolism
GLCNt2rpp,glcn_p + h_p <=> glcn_c + h_c,Transport Systems
GLCNtex,glcn_e <=> glcn_p,Transport Systems
GLCOAS,atp_c + coa_c + glutar_c --> adp_c + glutcoa_c + pi_c,Amino Acid Metabolism
GLCOASYNT,S_gtrdhdlp_c + coa_c --> dhlam_c + glutcoa_c,Amino Acid Metabolism
GLCP3,glyg4n_c + 4.0 pi_c --> 4.0 g1p_c,Alternative Carbon Metabolism
GLCP4,bglyg4n_c + 4.0 pi_c --> 4.0 g1p_c,Alternative Carbon Metabolism
GLCRD,glcr_c --> 5dh4dglc_c + h2o_c,Alternative Carbon Metabolism
GLCRt2rpp,glcr_p + h_p <=> glcr_c + h_c,Transport Systems
GLCRtex,glcr_e <=> glcr_p,Transport Systems
GLCS3,4.0 adpglc_c --> 4.0 adp_c + glyg4n_c + 4.0 h_c,Alternative Carbon Metabolism
GLCURDH,glcur_c + h2o_c + nad_c <=> glcr_c + 2.0 h_c + nadh_c,Alternative Carbon Metabolism
GLCURt2rpp,glcur_p + h_p <=> glcur_c + h_c,Transport Systems
GLCURtex,glcur_e <=> glcur_p,Transport Systems
GLCabcpp,atp_c + glc__D_p + h2o_c --> adp_c + glc__D_c + h_c + pi_c,Transport Systems
GLCtex,glc__D_e <=> glc__D_p,Transport Systems
GLDBRAN3,bglyg4n_c --> glyg4n_c,Alternative Carbon Metabolism
GLGC,atp_c + g1p_c + h_c --> adpglc_c + ppi_c,Alternative Carbon Metabolism
GLNS,atp_c + glu__L_c + nh4_c --> adp_c + gln__L_c + h_c + pi_c,Amino Acid Metabolism
GLNTRAT,atp_c + gln__L_c + glutrna_gln_c + h2o_c --> adp_c + glntrna_c + glu__L_c + h_c + pi_c,Cellular Processes and Storage
GLNTRS,atp_c + gln__L_c + trnagln_c --> amp_c + glntrna_c + ppi_c,Cellular Processes and Storage
GLNtex,gln__L_e <=> gln__L_p,Transport Systems
GLU5K,atp_c + glu__L_c --> adp_c + glu5p_c,Amino Acid Metabolism
GLUCYS,atp_c + cys__L_c + glu__L_c --> adp_c + glucys_c + h_c + pi_c,Amino Acid Metabolism
GLUDx,glu__L_c + h2o_c + nad_c <=> akg_c + h_c + nadh_c + nh4_c,Amino Acid Metabolism
GLUDy,glu__L_c + h2o_c + nadp_c <=> akg_c + h_c + nadph_c + nh4_c,Amino Acid Metabolism
GLUNpp,gln__L_p + h2o_p --> glu__L_p + nh4_p,Amino Acid Metabolism
GLUPRT,gln__L_c + h2o_c + prpp_c --> glu__L_c + ppi_c + pram_c,Nucleotide Metabolism
GLUR,glu__D_c <=> glu__L_c,Amino Acid Metabolism
GLUSy,akg_c + gln__L_c + h_c + nadph_c --> 2.0 glu__L_c + nadp_c,Amino Acid Metabolism
GLUTARt2rpp,glutar_p + h_p <=> glutar_c + h_c,Transport Systems
GLUTARtex,glutar_e <=> glutar_p,Transport Systems
GLUTCOADHc,fad_c + glutcoa_c + h_c --> b2coa_c + co2_c + fadh2_c,Amino Acid Metabolism
GLUTRR,glutrna_c + h_c + nadph_c --> glu1sa_c + nadp_c + trnaglu_c,Cofactor and Vitamin Biosynthesis
GLUTRS,atp_c + glu__L_c + trnaglu_c --> amp_c + glutrna_c + ppi_c,Cellular Processes and Storage
GLUabcpp,atp_c + glu__L_p + h2o_c --> adp_c + glu__L_c + h_c + pi_c,Transport Systems
GLUt2rpp,glu__L_p + h_p --> glu__L_c + h_c,Transport Systems
GLUt4pp,glu__L_p + na1_p --> glu__L_c + na1_c,Transport Systems
GLUtex,glu__L_e <=> glu__L_p,Transport Systems
GLXCL,2.0 glx_c + h_c --> 2h3oppan_c + co2_c,Central Carbon Metabolism
GLXO3r,glx_c + h2o_c + o2_c --> h2o2_c + h_c + oxa_c,Central Carbon Metabolism
GLYALDDr,glyald_c + h2o_c + nad_c <=> glyc__R_c + 2.0 h_c + nadh_c,Fatty Acid and Lipid Metabolism
GLYALDtex,glyald_e <=> glyald_p,Transport Systems
GLYALDtpp,glyald_p <=> glyald_c,Transport Systems
GLYBACT1r,coa_c + dhcrncoa_c <=> accoa_c + glybcoa_c,Nitrogen Metabolism
GLYBCOAT,glybcoa_c + h2o_c --> coa_c + glyb_c + h_c,Nitrogen Metabolism
GLYBabcpp,atp_c + glyb_p + h2o_c --> adp_c + glyb_c + h_c + pi_c,Transport Systems
GLYBt2pp,glyb_p + h_p --> glyb_c + h_c,Transport Systems
GLYBtex,glyb_e <=> glyb_p,Transport Systems
GLYBti4pp,glyb_p + na1_p --> glyb_c + na1_c,Transport Systems
GLYCAt2rpp,glyc__R_p + h_p <=> glyc__R_c + h_c,Transport Systems
GLYCAtex,glyc__R_e <=> glyc__R_p,Transport Systems
GLYCK,atp_c + glyc__R_c --> 3pg_c + adp_c + h_c,Central Carbon Metabolism
GLYCL,gly_c + nad_c + thf_c --> co2_c + mlthf_c + nadh_c + nh4_c,Amino Acid Metabolism
GLYCLTDx,glx_c + h_c + nadh_c --> glyclt_c + nad_c,Central Carbon Metabolism
GLYCLTDy,glx_c + h_c + nadph_c --> glyclt_c + nadp_c,Central Carbon Metabolism
GLYCLTt2rpp,glyclt_p + h_p <=> glyclt_c + h_c,Transport Systems
GLYCLTt4pp,glyclt_p + na1_p --> glyclt_c + na1_c,Transport Systems
GLYCLTtex,glyclt_e <=> glyclt_p,Transport Systems
GLYCOLDHpp,glycol_p + pqq_p --> gcald_p + pqqh2_p,Aromatic Compound Degradation
GLYCOLtex,glycol_e <=> glycol_p,Transport Systems
GLYCTO1,glyclt_c + o2_c --> glx_c + h2o2_c,Central Carbon Metabolism
GLYCtex,glyc_e <=> glyc_p,Transport Systems
GLYCtpp,glyc_c <=> glyc_p,Transport Systems
GLYD,h_c + hpyr_c + nadh_c <=> glyc__R_c + nad_c,Amino Acid Metabolism
GLYGLNabcpp,atp_c + glygln_p + h2o_c --> adp_c + glygln_c + h_c + pi_c,Transport Systems
GLYGLNtex,glygln_e <=> glygln_p,Transport Systems
GLYGLUabcpp,atp_c + glyglu_p + h2o_c --> adp_c + glyglu_c + h_c + pi_c,Transport Systems
GLYGLUtex,glyglu_e <=> glyglu_p,Transport Systems
GLYGLYabcpp,atp_c + glygly_p + h2o_c --> adp_c + glygly_c + h_c + pi_c,Transport Systems
GLYGLYtex,glygly_e <=> glygly_p,Transport Systems
GLYK,atp_c + glyc_c --> adp_c + glyc3p_c + h_c,Fatty Acid and Lipid Metabolism
GLYMETabcpp,atp_c + glymet_p + h2o_c --> adp_c + glymet_c + h_c + pi_c,Transport Systems
GLYMETtex,glymet_e <=> glymet_p,Transport Systems
GLYO1,gly_c + h2o_c + o2_c --> glx_c + h2o2_c + nh4_c,Central Carbon Metabolism
GLYOX,h2o_c + lgt__S_c --> gthrd_c + h_c + lac__D_c,Central Carbon Metabolism
GLYPHEabcpp,atp_c + glyphe_p + h2o_c --> adp_c + glyphe_c + h_c + pi_c,Transport Systems
GLYPHEtex,glyphe_e <=> glyphe_p,Transport Systems
GLYSERabcpp,atp_c + glyser_p + h2o_c --> adp_c + glyser_c + h_c + pi_c,Transport Systems
GLYSERtex,glyser_e <=> glyser_p,Transport Systems
GLYTRS,atp_c + gly_c + trnagly_c --> amp_c + glytrna_c + ppi_c,Cellular Processes and Storage
GLYabcpp,atp_c + gly_p + h2o_c --> adp_c + gly_c + h_c + pi_c,Transport Systems
GLYt2pp,gly_p + h_p --> gly_c + h_c,Transport Systems
GLYt4pp,gly_p + na1_p --> gly_c + na1_c,Transport Systems
GLYtex,gly_e <=> gly_p,Transport Systems
GMAND,gdpmann_c --> gdpddman_c + h2o_c,Cellular Processes and Storage
GMHEPAT,atp_c + gmhep1p_c + h_c --> adphep_DD_c + ppi_c,Cell Envelope and Wall Biosynthesis
GMHEPK,atp_c + gmhep7p_c --> adp_c + gmhep17bp_c + h_c,Cell Envelope and Wall Biosynthesis
GMHEPPA,gmhep17bp_c + h2o_c --> gmhep1p_c + pi_c,Cell Envelope and Wall Biosynthesis
GMPS2,atp_c + gln__L_c + h2o_c + xmp_c --> amp_c + glu__L_c + gmp_c + 2.0 h_c + ppi_c,Nucleotide Metabolism
GND,6pgc_c + nadp_c --> co2_c + nadph_c + ru5p__D_c,Central Carbon Metabolism
GNK,atp_c + glcn_c --> 6pgc_c + adp_c + h_c,Central Carbon Metabolism
GNNUC,gsn_c + h2o_c --> gua_c + rib__D_c,Nucleotide Metabolism
GPDDA2,g3pe_c + h2o_c --> etha_c + glyc3p_c + h_c,Fatty Acid and Lipid Metabolism
GPDDA4,g3pg_c + h2o_c --> glyc3p_c + glyc_c + h_c,Fatty Acid and Lipid Metabolism
GPTNH,gudptn_c + h2o_c --> 5aptn_c + urea_c,Nitrogen Metabolism
GRTT,grdp_c + ipdp_c --> frdp_c + ppi_c,Cofactor and Vitamin Biosynthesis
GRXR,grxox_c + 2.0 gthrd_c --> grxrd_c + gthox_c,Energy Metabolism
GTHOr,gthox_c + h_c + nadph_c <=> 2.0 gthrd_c + nadp_c,Energy Metabolism
GTHPi,2.0 gthrd_c + h2o2_c --> gthox_c + 2.0 h2o_c,Energy Metabolism
GTHRDHpp,gthrd_p + h2o_p --> cgly_p + glu__L_p,Cofactor and Vitamin Biosynthesis
GTHRDabc2pp,atp_c + gthrd_c + h2o_c --> adp_c + gthrd_p + h_c + pi_c,Transport Systems
GTHS,atp_c + glucys_c + gly_c --> adp_c + gthrd_c + h_c + pi_c,Amino Acid Metabolism
GTPCI,gtp_c + h2o_c --> ahdt_c + for_c + h_c,Cofactor and Vitamin Biosynthesis
GTPCII2,gtp_c + 3.0 h2o_c --> 25drapp_c + for_c + 2.0 h_c + ppi_c,Cofactor and Vitamin Biosynthesis
GTPDPDP,gdptp_c + h2o_c --> h_c + pi_c + ppgpp_c,Nucleotide Metabolism
GTPDPK,atp_c + gtp_c --> amp_c + gdptp_c + h_c,Nucleotide Metabolism
GTPHs,gtp_c + h2o_c + h_c --> nh4_c + xtp_c,Nucleotide Metabolism
GTR1_kt,hhlipa_kt_c + udpgal_c --> galhhlipa_kt_c + h_c + udp_c,Cell Envelope and Wall Biosynthesis
GTR2_kt,galhhlipa_kt_c + udpg_c --> ggallpsc_kt_c + h_c + udp_c,Cell Envelope and Wall Biosynthesis
GUACYC,gtp_c --> 35cgmp_c + ppi_c,Nucleotide Metabolism
GUAD,gua_c + h2o_c + h_c --> nh4_c + xan_c,Nucleotide Metabolism
GUAPRT,gua_c + prpp_c --> gmp_c + ppi_c,Nucleotide Metabolism
GUAt2pp,gua_p + h_p --> gua_c + h_c,Transport Systems
GUAtex,gua_e <=> gua_p,Transport Systems
GUDACabcpp,atp_c + gudac_p + h2o_c --> adp_c + gudac_c + h_c + pi_c,Transport Systems
GUDACtex,gudac_e <=> gudac_p,Transport Systems
GUDBUTNAH,4gudbutn_c + h2o_c --> 4abut_c + urea_c,Amino Acid Metabolism
GUDPTNabcpp,atp_c + gudptn_p + h2o_c --> adp_c + gudptn_c + h_c + pi_c,Transport Systems
GUDPTNtex,gudptn_e <=> gudptn_p,Transport Systems
H2CO3D,co2_c + h2o_c <=> h2co3_c,Central Carbon Metabolism
H2CO3D2,h_c + hco3_c <=> h2co3_c,Central Carbon Metabolism
H2O2tex,h2o2_e <=> h2o2_p,Transport Systems
H2Otex,h2o_e <=> h2o_p,Transport Systems
H2Otpp,h2o_p <=> h2o_c,Transport Systems
H2SO,h2s_c + 2.0 o2_c --> 2.0 h_c + so4_c,Metal and Inorganic Metabolism
H2St1pp,h2s_c --> h2s_p,Transport Systems
H2Stex,h2s_e <=> h2s_p,Transport Systems
HACD10i,3hhpcoa_c + nad_c --> 3ohpcoa_c + h_c + nadh_c,Fatty Acid and Lipid Metabolism
HACD11i,3hnonacoa_c + nad_c --> 3ononacoa_c + h_c + nadh_c,Fatty Acid and Lipid Metabolism
HACD12i,3hpdecacoa_c + nad_c --> 3opdecacoa_c + h_c + nadh_c,Fatty Acid and Lipid Metabolism
HACD13i,3hpnonacoa_c + nad_c --> 3opnonacoa_c + h_c + nadh_c,Fatty Acid and Lipid Metabolism
HACD14i,3hpoctacoa_c + nad_c --> 3opoctacoa_c + h_c + nadh_c,Fatty Acid and Lipid Metabolism
HACD15i,3hphpcoa_c + nad_c --> 3ophpcoa_c + h_c + nadh_c,Fatty Acid and Lipid Metabolism
HACD16i,3hphxacoa_c + nad_c --> 3ophxacoa_c + h_c + nadh_c,Fatty Acid and Lipid Metabolism
HACD17i,3hpptcoa_c + nad_c --> 3opptcoa_c + h_c + nadh_c,Fatty Acid and Lipid Metabolism
HACD18i,3hpbcoa_c + nad_c --> 3opbcoa_c + h_c + nadh_c,Fatty Acid and Lipid Metabolism
HACD19i,3h6athcoa_c + nad_c --> 3o6athcoa_c + h_c + nadh_c,Fatty Acid and Lipid Metabolism
HACD1i,3hbcoa_c + nad_c --> aacoa_c + h_c + nadh_c,Fatty Acid and Lipid Metabolism
HACD20i,3hvacccoa_c + nad_c --> 3ovacccoa_c + h_c + nadh_c,Fatty Acid and Lipid Metabolism
HACD21i,3hhdccoa_c + nad_c --> 3ohdccoa_c + h_c + nadh_c,Fatty Acid and Lipid Metabolism
HACD22i,3htdccoa_c + nad_c --> 3otdccoa_c + h_c + nadh_c,Fatty Acid and Lipid Metabolism
HACD23i,3hddccoa_c + nad_c --> 3oddccoa_c + h_c + nadh_c,Fatty Acid and Lipid Metabolism
HACD24i,3hodecoa_c + nad_c --> 3oodecoa_c + h_c + nadh_c,Fatty Acid and Lipid Metabolism
HACD25i,3hhdd7coa_c + nad_c --> 3ohdd7coa_c + h_c + nadh_c,Fatty Acid and Lipid Metabolism
HACD26i,3hdd5coa_c + nad_c --> 3odd5coa_c + h_c + nadh_c,Fatty Acid and Lipid Metabolism
HACD27i,3hptslacoa_c + nad_c --> 3optslacoa_c + h_c + nadh_c,Fatty Acid and Lipid Metabolism
HACD28i,3hhdd4coa_c + nad_c --> 3ohdd4coa_c + h_c + nadh_c,Fatty Acid and Lipid Metabolism
HACD29i,3hlnlccoa_c + nad_c --> 3olnlccoa_c + h_c + nadh_c,Fatty Acid and Lipid Metabolism
HACD2i,3hhcoa_c + nad_c --> 3ohcoa_c + h_c + nadh_c,Fatty Acid and Lipid Metabolism
HACD30i,3hhd710coa_c + nad_c --> 3ohd710coa_c + h_c + nadh_c,Fatty Acid and Lipid Metabolism
HACD31i,3hhd58coa_c + nad_c --> 3ohd58coa_c + h_c + nadh_c,Fatty Acid and Lipid Metabolism
HACD32i,3hdd6coa_c + nad_c --> 3odd6coa_c + h_c + nadh_c,Fatty Acid and Lipid Metabolism
HACD33i,3hdec4coa_c + nad_c --> 3odec4coa_c + h_c + nadh_c,Fatty Acid and Lipid Metabolism
HACD3i,3hocoa_c + nad_c --> 3oocoa_c + h_c + nadh_c,Fatty Acid and Lipid Metabolism
HACD4i,3hdcoa_c + nad_c --> 3odcoa_c + h_c + nadh_c,Fatty Acid and Lipid Metabolism
HACD5i,3hddcoa_c + nad_c --> 3oddcoa_c + h_c + nadh_c,Fatty Acid and Lipid Metabolism
HACD6i,3htdcoa_c + nad_c --> 3otdcoa_c + h_c + nadh_c,Fatty Acid and Lipid Metabolism
HACD7i,3hhdcoa_c + nad_c --> 3ohdcoa_c + h_c + nadh_c,Fatty Acid and Lipid Metabolism
HACD8i,3hodcoa_c + nad_c --> 3ohodcoa_c + h_c + nadh_c,Fatty Acid and Lipid Metabolism
HACD9,3hmbcoa_c + nad_c <=> 2maacoa_c + h_c + nadh_c,Amino Acid Metabolism
HACD9i,3hptcoa_c + nad_c --> 3optcoa_c + h_c + nadh_c,Fatty Acid and Lipid Metabolism
HADPCOADH3,3hadpcoa_c + nad_c <=> h_c + nadh_c + oxadpcoa_c,Aromatic Compound Degradation
HAT40tex,3h4atb_p <=> 3h4atb_e,Transport Systems
HAT40tpp,3h4atb_p <=> 3h4atb_c,Transport Systems
HATBH,3h4atbcoa_c + h2o_c --> 3h4atb_c + coa_c + h_c,Cellular Processes and Storage
HBZOPT,4hbz_c + octdp_c --> 3ophb_c + ppi_c,Cofactor and Vitamin Biosynthesis
HCO3E,co2_c + h2o_c <=> h_c + hco3_c,Central Carbon Metabolism
HCYSMT,amet_c + hcys__L_c --> ahcys_c + h_c + met__L_c,Amino Acid Metabolism
HCYSMT2,hcys__L_c + mmet_c --> h_c + 2.0 met__L_c,Amino Acid Metabolism
HCYStabcpp,atp_c + h2o_c + hcys__L_p --> adp_c + h_c + hcys__L_c + pi_c,Transport Systems
HCYStex,hcys__L_e <=> hcys__L_p,Transport Systems
HDCAtexi,hdca_e --> hdca_p,Transport Systems
HDCEAtexi,hdcea_e --> hdcea_p,Transport Systems
CTECOAI7,hdcoa_c --> hdd2coa_c,Fatty Acid and Lipid Metabolism
HEMEOS,frdp_c + h2o_c + pheme_c --> hemeO_c + ppi_c,Cofactor and Vitamin Biosynthesis
HEPCT,cbp_c + phethapphlipa_c --> h_c + icore_kt_c + pi_c,Cell Envelope and Wall Biosynthesis
HEPK1_kt,atp_c + hhlipa_kt_c --> adp_c + h_c + hphlipa_kt_c,Cell Envelope and Wall Biosynthesis
HEPK2_kt,atp_c + hphlipa_kt_c --> adp_c + h_c + hpphlipa_kt_c,Cell Envelope and Wall Biosynthesis
HEPK3_kt,atp_c + hethapphlipa_c --> adp_c + h_c + phethapphlipa_c,Cell Envelope and Wall Biosynthesis
HEPT1_kt,adphep_LD_c + lipa_oh_c --> adp_c + h_c + hlipa_kt_c,Cell Envelope and Wall Biosynthesis
HEPT2_kt,adphep_LD_c + hlipa_kt_c --> adp_c + h_c + hhlipa_kt_c,Cell Envelope and Wall Biosynthesis
HEX1,atp_c + glc__D_c --> adp_c + g6p_c + h_c,Central Carbon Metabolism
HG2t3pp,h_p + hg2_c --> h_c + hg2_p,Metal and Inorganic Metabolism
HG2tex,hg2_e <=> hg2_p,Transport Systems
HG2tppi,hg2_p --> hg2_c,Transport Systems
HGENTISt2pp,h_p + hgentis_p --> h_c + hgentis_c,Transport Systems
HGENTIStex,hgentis_e <=> hgentis_p,Transport Systems
HGNTOR,hgentis_c + o2_c --> 4mlacac_c + h_c,Aromatic Compound Degradation
HIBDkt,3hmp_c + nad_c --> h_c + mmtsa_c + nadh_c,Amino Acid Metabolism
HISDr,his__L_c --> nh4_c + urcan_c,Amino Acid Metabolism
HISGLYabcpp,atp_c + h2o_c + hisgly_p --> adp_c + h_c + hisgly_c + pi_c,Transport Systems
HISGLYtex,hisgly_e <=> hisgly_p,Transport Systems
HISHISabcpp,atp_c + h2o_c + hishis_p --> adp_c + h_c + hishis_c + pi_c,Transport Systems
HISHIStex,hishis_e <=> hishis_p,Transport Systems
HISTD,h2o_c + histd_c + 2.0 nad_c --> 3.0 h_c + his__L_c + 2.0 nadh_c,Amino Acid Metabolism
HISTP,h2o_c + hisp_c --> histd_c + pi_c,Amino Acid Metabolism
HISTRS,atp_c + his__L_c + trnahis_c --> amp_c + histrna_c + ppi_c,Cellular Processes and Storage
HISabcpp,atp_c + h2o_c + his__L_p --> adp_c + h_c + his__L_c + pi_c,Transport Systems
HISt2rpp,h_p + his__L_p <=> h_c + his__L_c,Transport Systems
HIStex,his__L_e <=> his__L_p,Transport Systems
HIUHY,5hiu_c + h2o_c <=> 5houdic_c,Nucleotide Metabolism
HMBS,h2o_c + 4.0 ppbng_c --> hmbil_c + 4.0 nh4_c,Cofactor and Vitamin Biosynthesis
HMGL,hmgcoa_c --> acac_c + accoa_c,Alternative Carbon Metabolism
HMPK1,4ahmmp_c + atp_c --> 4ampm_c + adp_c + h_c,Cofactor and Vitamin Biosynthesis
HMSD,2hmcnsad_c + h2o_c + nad_c --> 2hmc_c + 3.0 h_c + nadh_c,Aromatic Compound Degradation
HMSD2,h2o_c + hmccms_c + nad_c --> 2.0 h_c + hmccm_c + nadh_c,Aromatic Compound Degradation
HMSH,2hmcnsad_c + h2o_c --> for_c + 2.0 h_c + op4en_c,Aromatic Compound Degradation
HMSH2,h2o_c + hmccms_c --> 2hchd_c + for_c + h_c,Aromatic Compound Degradation
HMSH3,cchoxod_c + h2o_c --> ac_c + chpd_c + h_c,Aromatic Compound Degradation
HOMt2pp,h_p + hom__L_c --> h_c + hom__L_p,Transport Systems
HOMtex,hom__L_e <=> hom__L_p,Transport Systems
HOMtpp,h_p + hom__L_p --> h_c + hom__L_c,Transport Systems
HOPNTAL,4h2opntn_c --> acald_c + pyr_c,Aromatic Compound Degradation
HOPNTAL2,4hoxoh_c --> ppal_c + pyr_c,Aromatic Compound Degradation
HOPNTAL3,4h2oxov_c --> acald_c + pyr_c,Central Carbon Metabolism
HOXG,5.0 h_c + 3.0 nadph_c + 3.0 o2_c + pheme_c --> biliverd_c + co_c + fe2_c + 3.0 h2o_c + 3.0 nadp_c,Metal and Inorganic Metabolism
HPAtexi,hpta_e --> hpta_p,Transport Systems
HPPK,2ahhmp_c + atp_c --> 2ahhmd_c + amp_c + h_c,Cofactor and Vitamin Biosynthesis
HPYRI,hpyr_c <=> 2h3oppan_c,Central Carbon Metabolism
HPYRRy,h_c + hpyr_c + nadph_c --> glyc__R_c + nadp_c,Alternative Carbon Metabolism
HSDy,hom__L_c + nadp_c <=> aspsa_c + h_c + nadph_c,Amino Acid Metabolism
HSERTA,accoa_c + hom__L_c <=> achms_c + coa_c,Amino Acid Metabolism
HSK,atp_c + hom__L_c --> adp_c + h_c + phom_c,Amino Acid Metabolism
HSTPT,glu__L_c + imacp_c --> akg_c + hisp_c,Amino Acid Metabolism
HXAND,h2o_c + hxan_c + nad_c --> h_c + nadh_c + xan_c,Nucleotide Metabolism
HXANt2pp,h_p + hxan_p --> h_c + hxan_c,Transport Systems
HXAtex,hxa_e --> hxa_p,Transport Systems
HXPRT,hxan_c + prpp_c --> imp_c + ppi_c,Nucleotide Metabolism
HYGBDIAS,2.0 atp_c + 2.0 gln__L_c + h2o_c + hgbyr_c --> 2.0 adp_c + 2.0 glu__L_c + 2.0 h_c + hgbam_c + ppi_c,Cofactor and Vitamin Biosynthesis
HYXNtex,hxan_e <=> hxan_p,Transport Systems
Htex,h_e <=> h_p,Transport Systems
I2FE2SR,2fe1s_c + iscssh_c + iscu_c --> 4.0 h_c + iscs_c + iscu_2fe2s_c,Cofactor and Vitamin Biosynthesis
I2FE2SS2fdx,2.0 fdxr_22_c + 2.0 fe2_c + 2.0 iscssh_c + iscu_2fe2s_c --> 2.0 fdxo_22_c + 4.0 h_c + 2.0 iscs_c + iscu_2fe2s2_c,Cofactor and Vitamin Biosynthesis
I2FE2SSfdx,2.0 fdxr_22_c + 2.0 fe2_c + 2.0 iscssh_c + iscu_c --> 2.0 fdxo_22_c + 4.0 h_c + 2.0 iscs_c + iscu_2fe2s_c,Cofactor and Vitamin Biosynthesis
I2FE2ST,4.0 h_c + iscu_2fe2s_c --> 2fe2s_c + iscu_c,Cofactor and Vitamin Biosynthesis
I4FE4SRfdx,2.0 fdxr_22_c + 4.0 h_c + iscu_2fe2s2_c --> 2.0 fdxo_22_c + iscu_4fe4s_c,Cofactor and Vitamin Biosynthesis
I4FE4ST,4.0 h_c + iscu_4fe4s_c --> 4fe4s_c + iscu_c,Cofactor and Vitamin Biosynthesis
ICDHyr,icit_c + nadp_c --> akg_c + co2_c + nadph_c,Central Carbon Metabolism
ICITt4pp,icit_p + na1_p --> icit_c + na1_c,Transport Systems
ICITt_kt,h_p + icit_p <=> h_c + icit_c,Transport Systems
ICITtex,icit_e <=> icit_p,Transport Systems
ICL,icit_c --> glx_c + succ_c,Central Carbon Metabolism
ICYSDS,cys__L_c + iscs_c --> ala__L_c + iscssh_c,Cofactor and Vitamin Biosynthesis
IG3PS,gln__L_c + prlp_c --> aicar_c + eig3p_c + glu__L_c + h_c,Amino Acid Metabolism
IGPDH,eig3p_c --> h2o_c + imacp_c,Amino Acid Metabolism
IGPS,2cpr5p_c + h_c --> 3ig3p_c + co2_c + h2o_c,Amino Acid Metabolism
ILEDHr,h2o_c + ile__L_c + nad_c <=> 3mop_c + h_c + nadh_c + nh4_c,Amino Acid Metabolism
ILETA,akg_c + ile__L_c <=> 3mop_c + glu__L_c,Amino Acid Metabolism
ILETRS,atp_c + ile__L_c + trnaile_c --> amp_c + iletrna_c + ppi_c,Cellular Processes and Storage
ILEabcpp,atp_c + h2o_c + ile__L_p --> adp_c + h_c + ile__L_c + pi_c,Transport Systems
ILEt2rpp,h_p + ile__L_p <=> h_c + ile__L_c,Transport Systems
ILEtex,ile__L_e <=> ile__L_p,Transport Systems
IMPC,h2o_c + imp_c <=> fprica_c,Nucleotide Metabolism
IMPD,h2o_c + imp_c + nad_c --> h_c + nadh_c + xmp_c,Nucleotide Metabolism
IND3ACtex,ind3ac_p <=> ind3ac_e,Transport Systems
IND3ACtpp,h_p + ind3ac_c --> h_c + ind3ac_p,Transport Systems
INDOLEt5,h_p + indole_c --> h_c + indole_e,Transport Systems
INDOLEt6,h_p + indole_p --> h_c + indole_e,Transport Systems
INDOLEtex,indole_e <=> indole_p,Transport Systems
INDOLEtpp,indole_p --> indole_c,Transport Systems
INSH,h2o_c + ins_c --> hxan_c + rib__D_c,Nucleotide Metabolism
INStex,ins_e <=> ins_p,Transport Systems
IPDDI,ipdp_c <=> dmpp_c,Cofactor and Vitamin Biosynthesis
IPDPS,h2mb4p_c + h_c + nadh_c --> h2o_c + ipdp_c + nad_c,Cofactor and Vitamin Biosynthesis
IPMD,3c2hmp_c + nad_c --> 3c4mop_c + h_c + nadh_c,Amino Acid Metabolism
IPPMIa,3c2hmp_c <=> 2ippm_c + h2o_c,Amino Acid Metabolism
IPPMIb,2ippm_c + h2o_c <=> 3c3hmp_c,Amino Acid Metabolism
IPPS,3mob_c + accoa_c + h2o_c --> 3c3hmp_c + coa_c + h_c,Amino Acid Metabolism
ISETACabcpp,atp_c + h2o_c + isetac_p --> adp_c + h_c + isetac_c + pi_c,Transport Systems
ISETACtex,isetac_e <=> isetac_p,Transport Systems
ISOAML,bglyg4n_c + h2o_c --> maltttr_c,Alternative Carbon Metabolism
IVCS,3mb_c + atp_c + coa_c --> amp_c + ivcoa_c + ppi_c,Amino Acid Metabolism
IZPN,4izp_c + h2o_c --> forglu_c + h_c,Amino Acid Metabolism
KARA1,23dhmb_c + nadp_c <=> alac__S_c + h_c + nadph_c,Amino Acid Metabolism
KARA2,2ahbut_c + h_c + nadph_c <=> 23dhmp_c + nadp_c,Amino Acid Metabolism
KAS14,acACP_c + h_c + malACP_c --> ACP_c + actACP_c + co2_c,Fatty Acid and Lipid Metabolism
KAS15,accoa_c + h_c + malACP_c --> actACP_c + co2_c + coa_c,Fatty Acid and Lipid Metabolism
KAT1,aacoa_c + coa_c --> 2.0 accoa_c,Fatty Acid and Lipid Metabolism
KAT10,3ohpcoa_c + coa_c --> accoa_c + ptcoa_c,Fatty Acid and Lipid Metabolism
KAT11,3ononacoa_c + coa_c --> accoa_c + hptcoa_c,Fatty Acid and Lipid Metabolism
KAT12,3opdecacoa_c + coa_c --> accoa_c + poctacoa_c,Fatty Acid and Lipid Metabolism
KAT13,3opnonacoa_c + coa_c --> accoa_c + phpcoa_c,Fatty Acid and Lipid Metabolism
KAT14,3opoctacoa_c + coa_c --> accoa_c + phxacoa_c,Fatty Acid and Lipid Metabolism
KAT15,3ophpcoa_c + coa_c --> accoa_c + pptcoa_c,Fatty Acid and Lipid Metabolism
KAT16,3ophxacoa_c + coa_c --> accoa_c + pbcoa_c,Fatty Acid and Lipid Metabolism
KAT17,3opptcoa_c + coa_c --> accoa_c + phppcoa_c,Fatty Acid and Lipid Metabolism
KAT18,3opbcoa_c + coa_c --> accoa_c + phaccoa_c,Fatty Acid and Lipid Metabolism
KAT19,3o6athcoa_c + coa_c --> 4atbcoa_c + accoa_c,Fatty Acid and Lipid Metabolism
KAT2,3ohcoa_c + coa_c --> accoa_c + btcoa_c,Fatty Acid and Lipid Metabolism
KAT20,3ovacccoa_c + coa_c --> accoa_c + hdcoa_c,Fatty Acid and Lipid Metabolism
KAT21,3ohdccoa_c + coa_c --> accoa_c + tdecoa_c,Fatty Acid and Lipid Metabolism
KAT22,3otdccoa_c + coa_c --> accoa_c + ddecoa_c,Fatty Acid and Lipid Metabolism
KAT23,3oddccoa_c + coa_c --> accoa_c + decoa_c,Fatty Acid and Lipid Metabolism
KAT24,3oodecoa_c + coa_c --> accoa_c + hdd7coa_c,Fatty Acid and Lipid Metabolism
KAT25,3ohdd7coa_c + coa_c --> accoa_c + tded5coa_c,Fatty Acid and Lipid Metabolism
KAT26,3odd5coa_c + coa_c --> accoa_c + dded3coa_c,Fatty Acid and Lipid Metabolism
KAT27,3optslacoa_c + coa_c --> accoa_c + hdd4coa_c,Fatty Acid and Lipid Metabolism
KAT28,3ohdd4coa_c + coa_c --> accoa_c + tde_2Z_coa_c,Fatty Acid and Lipid Metabolism
KAT29,3olnlccoa_c + coa_c --> accoa_c + hd_7_10_coa_c,Fatty Acid and Lipid Metabolism
KAT3,3oocoa_c + coa_c --> accoa_c + hxcoa_c,Fatty Acid and Lipid Metabolism
KAT30,3ohd710coa_c + coa_c --> accoa_c + td_5_8_coa_c,Fatty Acid and Lipid Metabolism
KAT31,3ohd58coa_c + coa_c --> accoa_c + dd_3_6_coa_c,Fatty Acid and Lipid Metabolism
KAT32,3odd6coa_c + coa_c --> accoa_c + dec4coa_c,Fatty Acid and Lipid Metabolism
KAT4,3odcoa_c + coa_c --> accoa_c + occoa_c,Fatty Acid and Lipid Metabolism
KAT5,3oddcoa_c + coa_c --> accoa_c + dcacoa_c,Fatty Acid and Lipid Metabolism
KAT6,3otdcoa_c + coa_c --> accoa_c + ddcacoa_c,Fatty Acid and Lipid Metabolism
KAT7,3ohdcoa_c + coa_c --> accoa_c + tdcoa_c,Fatty Acid and Lipid Metabolism
ACACT8r,3ohodcoa_c + coa_c --> accoa_c + pmtcoa_c,Fatty Acid and Lipid Metabolism
KAT9,3optcoa_c + coa_c --> accoa_c + ppcoa_c,Fatty Acid and Lipid Metabolism
KDOCT2,ctp_c + kdo_c --> ckdo_c + ppi_c,Cell Envelope and Wall Biosynthesis
KDOPP,h2o_c + kdo8p_c --> kdo_c + pi_c,Cell Envelope and Wall Biosynthesis
KDOPS,ara5p_c + h2o_c + pep_c --> kdo8p_c + pi_c,Cell Envelope and Wall Biosynthesis
Kabcpp,atp_c + h2o_c + k_p --> adp_c + h_c + k_c + pi_c,Transport Systems
Kt2pp,h_p + k_p --> h_c + k_c,Transport Systems
Kt3pp,h_p + k_c --> h_c + k_p,Transport Systems
Ktex,k_e <=> k_p,Transport Systems
LALALGLUtex,LalaLglu_e <=> LalaLglu_p,Transport Systems
LALGP,LalaLglu_c + h2o_c --> ala__L_c + glu__L_c,Nitrogen Metabolism
LCADi,h2o_c + lald__L_c + nad_c --> 2.0 h_c + lac__L_c + nadh_c,Central Carbon Metabolism
LCTSt3ipp,h_p + lcts_c --> h_c + lcts_p,Transport Systems
LDH_D,lac__D_c + nad_c <=> h_c + nadh_c + pyr_c,Central Carbon Metabolism
LDH_D2,lac__D_c + q8_c --> pyr_c + q8h2_c,Central Carbon Metabolism
LEUDHr,h2o_c + leu__L_c + nad_c <=> 4mop_c + h_c + nadh_c + nh4_c,Amino Acid Metabolism
LEULEUabcpp,atp_c + h2o_c + leuleu_p --> adp_c + h_c + leuleu_c + pi_c,Transport Systems
LEULEUtex,leuleu_e <=> leuleu_p,Transport Systems
LEUTA,akg_c + leu__L_c <=> 4mop_c + glu__L_c,Amino Acid Metabolism
LEUTRS,atp_c + leu__L_c + trnaleu_c --> amp_c + leutrna_c + ppi_c,Cellular Processes and Storage
LEUabcpp,atp_c + h2o_c + leu__L_p --> adp_c + h_c + leu__L_c + pi_c,Transport Systems
LEUt2rpp,h_p + leu__L_p <=> h_c + leu__L_c,Transport Systems
LEUtex,leu__L_e <=> leu__L_p,Transport Systems
LGTHL,gthrd_c + mthgxl_c --> lgt__S_c,Central Carbon Metabolism
LIPAH,2.0 akg_c + lipa_kt_c + 2.0 o2_c --> 2.0 co2_c + lipa_oh_c + 2.0 succ_c,Cell Envelope and Wall Biosynthesis
LIPOCT,h_c + ocACP_c --> ACP_c + octapb_c,Cofactor and Vitamin Biosynthesis
LIPOS,4fe4s_c + 2.0 amet_c + h_c + nad_c + octapb_c --> 2fe2s_c + 2.0 dad_5_c + 2.0 fe2_c + lipopb_c + 2.0 met__L_c + nadh_c,Cofactor and Vitamin Biosynthesis
LNLCtexi,lnlc_e --> lnlc_p,Transport Systems
LPADSS2,lipidX_kt_c + u23dddcga_c --> h_c + lipidAds_kt_c + udp_c,Fatty Acid and Lipid Metabolism
LPCOXc,Lpipecol_c + o2_c --> h2o2_c + h_c + thp2c_c,Amino Acid Metabolism
LPLIPAL1E160pp,1agpe160_p + h2o_p --> g3pe_p + h_p + hdca_p,Fatty Acid and Lipid Metabolism
LPLIPAL1E161pp,1agpe161_p + h2o_p --> g3pe_p + h_p + hdcea_p,Fatty Acid and Lipid Metabolism
LPLIPAL1E180pp,1agpe180_p + h2o_p --> g3pe_p + h_p + ocdca_p,Fatty Acid and Lipid Metabolism
LPLIPAL1E181d11pp,1agpe181_p + h2o_p --> g3pe_p + h_p + vacc_p,Fatty Acid and Lipid Metabolism
LPLIPAL1G160pp,1agpg160_p + h2o_p --> g3pg_p + h_p + hdca_p,Fatty Acid and Lipid Metabolism
LPLIPAL1G161pp,1agpg161_p + h2o_p --> g3pg_p + h_p + hdcea_p,Fatty Acid and Lipid Metabolism
LPLIPAL1G180pp,1agpg180_p + h2o_p --> g3pg_p + h_p + ocdca_p,Fatty Acid and Lipid Metabolism
LPLIPAL1G181d11pp,1agpg181_p + h2o_p --> g3pg_p + h_p + vacc_p,Fatty Acid and Lipid Metabolism
LPSALAT,alatrna_c + ggalicore_kt_c --> galagalicore_kt_c + trnaala_c,Cell Envelope and Wall Biosynthesis
LPSGTR1_kt,icore_kt_c + udpgal_c --> galicore_kt_c + h_c + udp_c,Cell Envelope and Wall Biosynthesis
LPSGTR2_kt,galicore_kt_c + udpg_c --> ggalicore_kt_c + h_c + udp_c,Cell Envelope and Wall Biosynthesis
LPSGTR3_kt,galagalicore_kt_c + udpg_c --> ggalagalicore_kt_c + h_c + udp_c,Cell Envelope and Wall Biosynthesis
LPSGTR4_kt,ggalagalicore_kt_c + udpg_c --> h_c + lpscore_kt_c + udp_c,Cell Envelope and Wall Biosynthesis
LSERDHr,nadp_c + ser__L_c <=> 2amsa_c + h_c + nadph_c,Amino Acid Metabolism
LTDCL,h_c + trp__L_c --> co2_c + trypta_c,Stress Response and Environmental Adaptation
LYSDC,h_c + lys__L_c --> 15dap_c + co2_c,Amino Acid Metabolism
LYSMO,lys__L_c + o2_c --> 5apentam_c + co2_c + h2o_c + h_c,Amino Acid Metabolism
LYSRC,lys__L_c <=> lys__D_c,Amino Acid Metabolism
LYSTRS,atp_c + lys__L_c + trnalys_c --> amp_c + lystrna_c + ppi_c,Cellular Processes and Storage
LYSabcpp,atp_c + h2o_c + lys__L_p --> adp_c + h_c + lys__L_c + pi_c,Transport Systems
LYStex,lys__L_e <=> lys__L_p,Transport Systems
L_LACD2,lac__L_c + q8_c --> pyr_c + q8h2_c,Central Carbon Metabolism
L_LACt2rpp,h_p + lac__L_p <=> h_c + lac__L_c,Transport Systems
L_LACtex,lac__L_e <=> lac__L_p,Transport Systems
MACACI,4mlacac_c --> 4fumacac_c,Aromatic Compound Degradation
MACCOAT,2maacoa_c + coa_c --> accoa_c + ppcoa_c,Amino Acid Metabolism
MACPD,h_c + malACP_c --> acACP_c + co2_c,Fatty Acid and Lipid Metabolism
MAGLIPA160ex,1ag160_e + h2o_e --> glyc_e + h_e + hdca_e,Fatty Acid and Lipid Metabolism
MAGLIPA180ex,1ag180_e + h2o_e --> glyc_e + h_e + ocdca_e,Fatty Acid and Lipid Metabolism
MAGLIPA181d9ex,1ag181d9_e + h2o_e --> glyc_e + h_e + ocdcea_e,Fatty Acid and Lipid Metabolism
MAGLIPA182d9d12ex,1ag182d9d12_e + h2o_e --> glyc_e + h_e + lnlc_e,Fatty Acid and Lipid Metabolism
MAL1K,atp_c + malt_c --> adp_c + h_c + malt1p_c,Alternative Carbon Metabolism
MALCOAMT,amet_c + malcoa_c --> ahcys_c + malcoame_c,Cofactor and Vitamin Biosynthesis
MALDt2_2pp,2.0 h_p + mal__D_p --> 2.0 h_c + mal__D_c,Transport Systems
MALDtex,mal__D_e <=> mal__D_p,Transport Systems
MALEI,male_c <=> fum_c,Aromatic Compound Degradation
MALS,accoa_c + glx_c + h2o_c --> coa_c + h_c + mal__L_c,Central Carbon Metabolism
MALTT,2.0 malt1p_c --> glyg4n_c + 2.0 pi_c,Alternative Carbon Metabolism
MALt2_2pp,2.0 h_p + mal__L_p --> 2.0 h_c + mal__L_c,Transport Systems
MALtex,mal__L_e <=> mal__L_p,Transport Systems
MAN1PT2,gdp_c + h_c + man1p_c --> gdpmann_c + pi_c,Cellular Processes and Storage
MAN6PI,man6p_c <=> f6p_c,Cellular Processes and Storage
MANE,man_c <=> glc__D_c,Alternative Carbon Metabolism
MANabcpp,atp_c + h2o_c + man_p --> adp_c + h_c + man_c + pi_c,Transport Systems
MANtex,man_e <=> man_p,Transport Systems
MBCOAi,fad_c + ivcoa_c --> 3mb2coa_c + fadh2_c,Amino Acid Metabolism
MCBTFR1,fadh2_c + 2.0 fe3mcbtt_c --> fad_c + 2.0 fe2_c + 2.0 h_c + 2.0 mcbtt_c,Metal and Inorganic Metabolism
MCBTFR2,2.0 fe3mcbtt_c + fmnh2_c --> 2.0 fe2_c + fmn_c + 2.0 h_c + 2.0 mcbtt_c,Metal and Inorganic Metabolism
MCBTFUexs,fe3_e + mcbtt_e --> fe3mcbtt_e,Metal and Inorganic Metabolism
MCBTFabcpp,atp_c + fe3mcbtt_p + h2o_c --> adp_c + fe3mcbtt_c + h_c + pi_c,Metal and Inorganic Metabolism
MCBTFtex,h_p + mcbtt_p --> h_c + mcbtt_e,Metal and Inorganic Metabolism
MCBTFtonex,fe3mcbtt_e + h_p --> fe3mcbtt_p + h_c,Metal and Inorganic Metabolism
MCBTFtpp,h_p + mcbtt_c --> h_c + mcbtt_p,Metal and Inorganic Metabolism
MCCC,3mb2coa_c + atp_c + hco3_c --> 3mgcoa_c + adp_c + h_c + pi_c,Amino Acid Metabolism
MCITD,2mcit_c --> 2mcacn_c + h2o_c,Alternative Carbon Metabolism
MCITL2,micit_c <=> pyr_c + succ_c,Alternative Carbon Metabolism
MCITS,h2o_c + oaa_c + ppcoa_c --> 2mcit_c + coa_c + h_c,Alternative Carbon Metabolism
MCOATA,ACP_c + malcoa_c <=> coa_c + malACP_c,Fatty Acid and Lipid Metabolism
MCSNAH,5mcsn_c + h2o_c + h_c --> nh4_c + thym_c,Nucleotide Metabolism
MCSNtex,5mcsn_e <=> 5mcsn_p,Transport Systems
MCSNtpp,5mcsn_p + h_p --> 5mcsn_c + h_c,Transport Systems
MCTP1App,murein5p5p_p --> ala__D_p + murein5px4p_p,Cell Envelope and Wall Biosynthesis
MCTP1Bpp,murein5p5p_p --> alaala_p + murein5px3p_p,Cell Envelope and Wall Biosynthesis
MCTP2App,murein5p5p5p_p --> 2.0 ala__D_p + murein5px4px4p_p,Cell Envelope and Wall Biosynthesis
MDDCP1pp,h2o_p + murein5px4p_p --> ala__D_p + murein4px4p_p,Cell Envelope and Wall Biosynthesis
MDDCP2pp,h2o_p + murein5px4px4p_p --> ala__D_p + murein4px4px4p_p,Cell Envelope and Wall Biosynthesis
MDDCP3pp,h2o_p + murein5p5p_p --> ala__D_p + murein5p4p_p,Cell Envelope and Wall Biosynthesis
MDDCP4pp,h2o_p + murein5p4p_p --> ala__D_p + murein4p4p_p,Cell Envelope and Wall Biosynthesis
MDDCP5pp,h2o_p + murein5p3p_p --> ala__D_p + murein4p3p_p,Cell Envelope and Wall Biosynthesis
MDDEP1pp,h2o_p + murein4px4p_p --> murein4p4p_p,Cell Envelope and Wall Biosynthesis
MDDEP2pp,h2o_p + murein3px4p_p --> murein4p3p_p,Cell Envelope and Wall Biosynthesis
MDDEP3pp,h2o_p + murein5px4p_p --> murein5p4p_p,Cell Envelope and Wall Biosynthesis
MDDEP4pp,h2o_p + murein4px4px4p_p --> murein4px4p4p_p,Cell Envelope and Wall Biosynthesis
MDH,mal__L_c + nad_c <=> h_c + nadh_c + oaa_c,Central Carbon Metabolism
MDH2,mal__L_c + q8_c --> oaa_c + q8h2_c,Central Carbon Metabolism
MDNTHAep,2m35mdntha_c + h_p --> 2m35mdntha_e + h_c,Stress Response and Environmental Adaptation
ME2,mal__L_c + nadp_c --> co2_c + nadph_c + pyr_c,Central Carbon Metabolism
MECDPDH5,2mecdp_c + 2.0 flxr_c + h_c --> 2.0 flxso_c + h2mb4p_c + h2o_c,Cofactor and Vitamin Biosynthesis
MECDPS,2p4c2me_c --> 2mecdp_c + cmp_c,Amino Acid Metabolism
MELIBt3ipp,h_p + melib_c --> h_c + melib_p,Transport Systems
MEOHtex,meoh_e <=> meoh_p,Transport Systems
MEOHtrpp,meoh_p <=> meoh_c,Transport Systems
MEPCT,2me4p_c + ctp_c + h_c --> 4c2me_c + ppi_c,Cofactor and Vitamin Biosynthesis
METAT,atp_c + h2o_c + met__L_c --> amet_c + pi_c + ppi_c,Amino Acid Metabolism
METDabcpp,atp_c + h2o_c + met__D_p --> adp_c + h_c + met__D_c + pi_c,Transport Systems
METGL,h2o_c + met__L_c --> 2obut_c + ch4s_c + nh4_c,Amino Acid Metabolism
METOX1s,h2o2_c + met__L_c --> h2o_c + metsox_S__L_c,Amino Acid Metabolism
METOX2s,h2o2_c + met__L_c --> h2o_c + metsox_R__L_c,Amino Acid Metabolism
METS,5mthf_c + hcys__L_c --> h_c + met__L_c + thf_c,Amino Acid Metabolism
METSOXR1,metsox_S__L_c + trdrd_c --> h2o_c + met__L_c + trdox_c,Amino Acid Metabolism
METSOXR2,metsox_R__L_c + trdrd_c --> h2o_c + met__L_c + trdox_c,Amino Acid Metabolism
METTRS,atp_c + met__L_c + trnamet_c --> amp_c + mettrna_c + ppi_c,Cellular Processes and Storage
METabcpp,atp_c + h2o_c + met__L_p --> adp_c + h_c + met__L_c + pi_c,Transport Systems
METtex,met__L_e <=> met__L_p,Transport Systems
MG2tex,mg2_e <=> mg2_p,Transport Systems
MG2tpp,mg2_p --> mg2_c,Transport Systems
MG2uabcpp,atp_c + h2o_c + mg2_p --> adp_c + h_c + mg2_c + pi_c,Transport Systems
MGCH,3mgcoa_c + h2o_c --> hmgcoa_c,Amino Acid Metabolism
MI1PP,h2o_c + mi1p__D_c --> inost_c + pi_c,Cell Envelope and Wall Biosynthesis
MICITDr,2mcacn_c + h2o_c <=> micit_c,Alternative Carbon Metabolism
MLDCP1App,h2o_p + murein5px4p_p --> alaala_p + murein3px4p_p,Cell Envelope and Wall Biosynthesis
MLDCP1Bpp,h2o_p + murein4p4p_p --> ala__D_p + murein4p3p_p,Cell Envelope and Wall Biosynthesis
MLDCP2App,h2o_p + murein5p5p_p --> alaala_p + murein5p3p_p,Cell Envelope and Wall Biosynthesis
MLDCP2Bpp,h2o_p + murein4p3p_p --> ala__D_p + murein3p3p_p,Cell Envelope and Wall Biosynthesis
MLDCP3App,h2o_p + murein5px3p_p --> alaala_p + murein3px3p_p,Cell Envelope and Wall Biosynthesis
MLDEP1pp,h2o_p + murein3px3p_p --> murein3p3p_p,Cell Envelope and Wall Biosynthesis
MLDEP2pp,h2o_p + murein5px3p_p --> murein5p3p_p,Cell Envelope and Wall Biosynthesis
MLTGY1pp,murein4p4p_p --> 2.0 anhgm4p_p,Cell Envelope and Wall Biosynthesis
MLTGY2pp,murein4p3p_p --> anhgm3p_p + anhgm4p_p,Cell Envelope and Wall Biosynthesis
MLTGY3pp,murein3p3p_p --> 2.0 anhgm3p_p,Cell Envelope and Wall Biosynthesis
MLTGY4pp,murein4px4p4p_p --> anhgm4p_p + murein4px4p_p,Cell Envelope and Wall Biosynthesis
MMETt2pp,h_p + mmet_p --> h_c + mmet_c,Transport Systems
MMETtex,mmet_e <=> mmet_p,Transport Systems
MMSAD3,coa_c + msa_c + nad_c --> accoa_c + co2_c + nadh_c,Nitrogen Metabolism
MMTSAO,coa_c + mmtsa_c + nad_c --> co2_c + nadh_c + ppcoa_c,Amino Acid Metabolism
MN2t3pp,h_p + mn2_c --> h_c + mn2_p,Metal and Inorganic Metabolism
MNabc_1,atp_c + h2o_c + mn2_p --> adp_c + h_c + mn2_c + pi_c,Transport Systems
MNtex,mn2_e <=> mn2_p,Transport Systems
MOADSUx,iscssh_c + moadamp_c + nadh_c --> amp_c + iscs_c + moadcosh_c + nad_c,Cofactor and Vitamin Biosynthesis
MOAT2_kt,ckdo_c + kdolipid4_kt_c --> cmp_c + h_c + kdo2lipid4_kt_c,Cell Envelope and Wall Biosynthesis
MOAT_kt,ckdo_c + lipidA_kt_c --> cmp_c + h_c + kdolipid4_kt_c,Cell Envelope and Wall Biosynthesis
MOBDabcpp,atp_c + h2o_c + mobd_p --> adp_c + h_c + mobd_c + pi_c,Transport Systems
MOBDtex,mobd_e <=> mobd_p,Transport Systems
MOCOS,2.0 h_c + mobd_c + mptamp_c --> amp_c + cu2_c + h2o_c + moco_c,Cofactor and Vitamin Biosynthesis
MOGDS,gtp_c + h_c + moco_c --> mocogdp_c + ppi_c,Cofactor and Vitamin Biosynthesis
MOHMT,3mob_c + h2o_c + mlthf_c --> 2dhp_c + thf_c,Cofactor and Vitamin Biosynthesis
MOTH1,h2o_c + malttre_c --> malt_c + tre_c,Alternative Carbon Metabolism
MOTS1,maltttr_c --> malttre_c,Alternative Carbon Metabolism
MPTAT,atp_c + h_c + mpt_c --> mptamp_c + ppi_c,Cofactor and Vitamin Biosynthesis
MPTG,2.0 uaagmda_c --> 2.0 h_c + murein5p5p_p + 2.0 udcpdp_c,Cell Envelope and Wall Biosynthesis
MPTG2,murein5p5p_p + uaagmda_c --> h_c + murein5p5p5p_p + udcpdp_c,Cell Envelope and Wall Biosynthesis
MPTS,cpmp_c + cu2_c + 2.0 moadcosh_c --> 5.0 h_c + 2.0 moadcoo_c + mpt_c,Cofactor and Vitamin Biosynthesis
MPTSS,atp_c + h_c + moadcoo_c --> moadamp_c + ppi_c,Cofactor and Vitamin Biosynthesis
MSO3abcpp,atp_c + h2o_c + mso3_p --> adp_c + h_c + mso3_c + pi_c,Transport Systems
MSO3tex,mso3_e <=> mso3_p,Transport Systems
MSULR,ch4s_c + 3.0 h2o_c + 3.0 nadp_c <=> 4.0 h_c + mso3_c + 3.0 nadph_c,Metal and Inorganic Metabolism
MTHFC,h2o_c + methf_c <=> 10fthf_c + h_c,Cofactor and Vitamin Biosynthesis
MTHFD,mlthf_c + nadp_c <=> methf_c + nadph_c,Cofactor and Vitamin Biosynthesis
MTHFR2,2.0 h_c + mlthf_c + nadh_c --> 5mthf_c + nad_c,Cofactor and Vitamin Biosynthesis
MTI,tre_c <=> malt_c,Alternative Carbon Metabolism
MTOLDOX,h_c + m_tol_c + nadh_c + o2_c --> dh3mchc_c + nad_c,Aromatic Compound Degradation
MTRI,5mdr1p_c <=> 5mdru1p_c,Amino Acid Metabolism
MUCCYCI,ccmuac_c + h_c <=> mucl_c,Aromatic Compound Degradation
MUCCY_kt,CCbuttc_c + h_c --> 4cml_c,Aromatic Compound Degradation
MUCLI,mucl_c <=> 5odhf2a_c,Aromatic Compound Degradation
MXMO,h_c + m_xyl_c + nadh_c + o2_c --> 3mbzalc_c + h2o_c + nad_c,Aromatic Compound Degradation
MXYLt5,h_p + m_xyl_c --> h_c + m_xyl_e,Transport Systems
MXYLt6,h_p + m_xyl_p --> h_c + m_xyl_e,Transport Systems
M_XYLtpp,m_xyl_p <=> m_xyl_c,Transport Systems
M_Xylt1,m_xyl_e <=> m_xyl_p,Transport Systems
NACHY,nac_c + 0.5 o2_c --> 6hnac_c,Aromatic Compound Degradation
NACODA,acg5sa_c + h2o_c --> ac_c + glu5sa_c,Amino Acid Metabolism
NACt1pp,h_p + nac_p <=> h_c + nac_c,Transport Systems
NACtex,nac_e <=> nac_p,Transport Systems
NADDP,h2o_c + nad_c --> amp_c + 2.0 h_c + nmn_c,Cofactor and Vitamin Biosynthesis
NADH16pp,4.0 h_c + nadh_c + q8_c --> 3.0 h_p + nad_c + q8h2_c,Energy Metabolism
NADH5,h_c + nadh_c + q8_c --> nad_c + q8h2_c,Energy Metabolism
NADHPO,h2o2_c + h_c + nadh_c --> 2.0 h2o_c + nad_c,Energy Metabolism
NADK,atp_c + nad_c --> adp_c + h_c + nadp_c,Cofactor and Vitamin Biosynthesis
NADN,h2o_c + nad_c --> adprib_c + h_c + ncam_c,Nucleotide Metabolism
NADPHQR2,h_c + nadph_c + q8_c --> nadp_c + q8h2_c,Energy Metabolism
NADS1,atp_c + dnad_c + nh4_c --> amp_c + h_c + nad_c + ppi_c,Cofactor and Vitamin Biosynthesis
NADTRHD,nad_c + nadph_c --> nadh_c + nadp_c,Energy Metabolism
NAMNPP,atp_c + h2o_c + nac_c + prpp_c --> adp_c + nicrnt_c + pi_c + ppi_c,Cofactor and Vitamin Biosynthesis
NAt3_1p5pp,3.0 h_p + 2.0 na1_c --> 3.0 h_c + 2.0 na1_p,Transport Systems
NAt3_1pp,h_p + na1_c <=> h_c + na1_p,Transport Systems
NAt3_2pp,2.0 h_p + na1_c --> 2.0 h_c + na1_p,Transport Systems
NAt3pp,h_p + na1_c --> h_c + na1_p,Transport Systems
NAtex,na1_e <=> na1_p,Transport Systems
NBAHH_ir,carn_c + h2o_c --> ala_B_c + his__L_c,Nitrogen Metabolism
NCBMPTSabcpp,Ncbmpts_p + atp_c + h2o_c --> Ncbmpts_c + adp_c + h_c + pi_c,Transport Systems
NCBMPTStex,Ncbmpts_e <=> Ncbmpts_p,Transport Systems
NDPK1,atp_c + gdp_c <=> adp_c + gtp_c,Nucleotide Metabolism
NDPK2,atp_c + udp_c <=> adp_c + utp_c,Nucleotide Metabolism
NDPK3,atp_c + cdp_c <=> adp_c + ctp_c,Nucleotide Metabolism
NDPK4,atp_c + dtdp_c <=> adp_c + dttp_c,Nucleotide Metabolism
NDPK5,atp_c + dgdp_c <=> adp_c + dgtp_c,Nucleotide Metabolism
NDPK6,atp_c + dudp_c <=> adp_c + dutp_c,Nucleotide Metabolism
NDPK7,atp_c + dcdp_c <=> adp_c + dctp_c,Nucleotide Metabolism
NDPK8,atp_c + dadp_c <=> adp_c + datp_c,Nucleotide Metabolism
NFMLDF,h2o_c + nfmalm_c --> for_c + h_c + malm_c,Aromatic Compound Degradation
NFORGLUAH2,Nforglu_c + h2o_c --> for_c + glu__L_c,Amino Acid Metabolism
NH4t3pp,h_p + nh4_c --> h_c + nh4_p,Transport Systems
NH4tex,nh4_e <=> nh4_p,Transport Systems
NH4tpp,nh4_p <=> nh4_c,Transport Systems
NI2t3pp,h_p + ni2_c --> h_c + ni2_p,Metal and Inorganic Metabolism
NI2t4pp,h_p + k_p + ni2_c --> h_c + k_c + ni2_p,Metal and Inorganic Metabolism
NI2tex,ni2_e <=> ni2_p,Transport Systems
NI2tpp,ni2_p --> ni2_c,Transport Systems
NI2uabcpp,atp_c + h2o_c + ni2_p --> adp_c + h_c + ni2_c + pi_c,Transport Systems
NMNAT,atp_c + h_c + nmn_c --> nad_c + ppi_c,Cofactor and Vitamin Biosynthesis
NMNDA,h2o_c + nmn_c --> nh4_c + nicrnt_c,Cofactor and Vitamin Biosynthesis
NMNN,h2o_c + nmn_c --> h_c + ncam_c + r5p_c,Nucleotide Metabolism
NMTHDA,atp_c + 2.0 h2o_c + mthd_c --> Ncarbsar_c + adp_c + 2.0 h_c + pi_c,Nitrogen Metabolism
NNATr,atp_c + h_c + nicrnt_c <=> dnad_c + ppi_c,Cofactor and Vitamin Biosynthesis
NNDMBRT,dmbzid_c + nicrnt_c --> 5prdmbz_c + h_c + nac_c,Cofactor and Vitamin Biosynthesis
NNDPR,2.0 h_c + prpp_c + quln_c --> co2_c + nicrnt_c + ppi_c,Cofactor and Vitamin Biosynthesis
NO2t2rpp,h_p + no2_p <=> h_c + no2_c,Transport Systems
NO2tex,no2_e <=> no2_p,Transport Systems
NO3t2pp,h_p + no3_p --> h_c + no3_c,Transport Systems
NO3abcpp,atp_c + h2o_c + no3_p --> adp_c + h_c + no3_c + pi_c,Transport Systems
NO3tex,no3_e <=> no3_p,Transport Systems
NODOx,nadh_c + 2.0 no_c + 2.0 o2_c --> h_c + nad_c + 2.0 no3_c,Nitrogen Metabolism
NODOy,nadph_c + 2.0 no_c + 2.0 o2_c --> h_c + nadp_c + 2.0 no3_c,Nitrogen Metabolism
NONAtexi,nona_e --> nona_p,Transport Systems
NOtex,no_e <=> no_p,Transport Systems
NOtpp,no_p <=> no_c,Transport Systems
NTD1,dump_c + h2o_c --> duri_c + pi_c,Nucleotide Metabolism
NTD10,h2o_c + xmp_c --> pi_c + xtsn_c,Nucleotide Metabolism
NTD10pp,h2o_p + xmp_p --> pi_p + xtsn_p,Nucleotide Metabolism
NTD11,h2o_c + imp_c --> ins_c + pi_c,Nucleotide Metabolism
NTD11pp,h2o_p + imp_p --> ins_p + pi_p,Nucleotide Metabolism
NTD12,dimp_c + h2o_c --> din_c + pi_c,Nucleotide Metabolism
NTD12pp,dimp_p + h2o_p --> din_p + pi_p,Nucleotide Metabolism
NTD1pp,dump_p + h2o_p --> duri_p + pi_p,Nucleotide Metabolism
NTD2,h2o_c + ump_c --> pi_c + uri_c,Nucleotide Metabolism
NTD2pp,h2o_p + ump_p --> pi_p + uri_p,Nucleotide Metabolism
NTD3,dcmp_c + h2o_c --> dcyt_c + pi_c,Nucleotide Metabolism
NTD3pp,dcmp_p + h2o_p --> dcyt_p + pi_p,Nucleotide Metabolism
NTD4,cmp_c + h2o_c --> cytd_c + pi_c,Nucleotide Metabolism
NTD4pp,cmp_p + h2o_p --> cytd_p + pi_p,Nucleotide Metabolism
NTD5,dtmp_c + h2o_c --> pi_c + thymd_c,Nucleotide Metabolism
NTD5pp,dtmp_p + h2o_p --> pi_p + thymd_p,Nucleotide Metabolism
NTD6,damp_c + h2o_c --> dad_2_c + pi_c,Nucleotide Metabolism
NTD6pp,damp_p + h2o_p --> dad_2_p + pi_p,Nucleotide Metabolism
NTD7,amp_c + h2o_c --> adn_c + pi_c,Nucleotide Metabolism
NTD7pp,amp_p + h2o_p --> adn_p + pi_p,Nucleotide Metabolism
NTD8,dgmp_c + h2o_c --> dgsn_c + pi_c,Nucleotide Metabolism
NTD8pp,dgmp_p + h2o_p --> dgsn_p + pi_p,Nucleotide Metabolism
NTD9,gmp_c + h2o_c --> gsn_c + pi_c,Nucleotide Metabolism
NTD9pp,gmp_p + h2o_p --> gsn_p + pi_p,Nucleotide Metabolism
NTP1,atp_c + h2o_c --> adp_c + h_c + pi_c,Core Cellular Functions
NTP10,h2o_c + itp_c --> h_c + idp_c + pi_c,Nucleotide Metabolism
NTP3,gtp_c + h2o_c --> gdp_c + h_c + pi_c,Nucleotide Metabolism
NTP5,ctp_c + h2o_c --> cdp_c + h_c + pi_c,Nucleotide Metabolism
NTPP1,dgtp_c + h2o_c --> dgmp_c + h_c + ppi_c,Nucleotide Metabolism
NTPP10,ditp_c + h2o_c --> dimp_c + h_c + ppi_c,Nucleotide Metabolism
NTPP11,h2o_c + xtp_c --> h_c + ppi_c + xmp_c,Nucleotide Metabolism
NTPP2,gtp_c + h2o_c --> gmp_c + h_c + ppi_c,Nucleotide Metabolism
NTPP3,dctp_c + h2o_c --> dcmp_c + h_c + ppi_c,Nucleotide Metabolism
NTPP4,ctp_c + h2o_c --> cmp_c + h_c + ppi_c,Nucleotide Metabolism
NTPP5,datp_c + h2o_c --> damp_c + h_c + ppi_c,Nucleotide Metabolism
NTPP6,atp_c + h2o_c --> amp_c + h_c + ppi_c,Nucleotide Metabolism
NTPP7,dttp_c + h2o_c --> dtmp_c + h_c + ppi_c,Nucleotide Metabolism
NTPP8,h2o_c + utp_c --> h_c + ppi_c + ump_c,Nucleotide Metabolism
NTPP9,h2o_c + itp_c --> h_c + imp_c + ppi_c,Nucleotide Metabolism
NTPTP1,dgtp_c + h2o_c --> dgsn_c + pppi_c,Nucleotide Metabolism
NTPTP2,gtp_c + h2o_c --> gsn_c + pppi_c,Nucleotide Metabolism
NITR,h_c + nadh_c + no3_c --> h2o_c + nad_c + no2_c,Nitrogen Metabolism
NTRIR2x,5.0 h_c + 3.0 nadh_c + no2_c --> 2.0 h2o_c + 3.0 nad_c + nh4_c,Nitrogen Metabolism
O2tex,o2_e <=> o2_p,Transport Systems
O2tpp,o2_p <=> o2_c,Transport Systems
OAADC,h_c + oaa_c --> co2_c + pyr_c,Central Carbon Metabolism
OAAt2_2pp,2.0 h_p + oaa_p --> 2.0 h_c + oaa_c,Transport Systems
OAAtex,oaa_e <=> oaa_p,Transport Systems
OARGDC,5g2oxpt_c + h_c --> co2_c + gdbtal_c,Amino Acid Metabolism
OARGabcpp,5g2oxpt_p + atp_c + h2o_c --> 5g2oxpt_c + adp_c + h_c + pi_c,Transport Systems
OARGtex,5g2oxpt_e <=> 5g2oxpt_p,Transport Systems
OBDHc,2obut_c + coa_c + nad_c --> co2_c + nadh_c + ppcoa_c,Alternative Carbon Metabolism
OCAALD,oca_c --> oaa_c + pyr_c,Aromatic Compound Degradation
OCBT2i,citr__L_c + h_c + pi_c --> cbp_c + orn_c,Amino Acid Metabolism
OCBT,cbp_c + orn_c --> citr__L_c + h_c + pi_c,Amino Acid Metabolism
OCDCAtexi,ocdca_e --> ocdca_p,Transport Systems
OCDCEAtexi,ocdcea_e --> ocdcea_p,Transport Systems
OCOAT1,acac_c + succoa_c --> aacoa_c + succ_c,Alternative Carbon Metabolism
OCOAT4,dhcrn_c + succoa_c --> dhcrncoa_c + succ_c,Nitrogen Metabolism
OCTAtex,octa_e --> octa_p,Transport Systems
OCTDPS,frdp_c + 5.0 ipdp_c --> octdp_c + 5.0 ppi_c,Cofactor and Vitamin Biosynthesis
CTECOAI8,odecoa_c --> od2coa_c,Fatty Acid and Lipid Metabolism
OGMEACPD,hgmeACP_c --> egmeACP_c + h2o_c,Cofactor and Vitamin Biosynthesis
OGMEACPR,h_c + nadph_c + ogmeACP_c --> hgmeACP_c + nadp_c,Cofactor and Vitamin Biosynthesis
OGMEACPS,h_c + malACP_c + malcoame_c --> co2_c + coa_c + ogmeACP_c,Cofactor and Vitamin Biosynthesis
5HPUDICDC_c,5houdic_c + h_c --> alltn_c + co2_c,Nucleotide Metabolism
OHCUDC2,5houdic_c + h_c --> alltn__R_c + co2_c,Nucleotide Metabolism
OHPBAT,glu__L_c + ohpb_c <=> akg_c + phthr_c,Cofactor and Vitamin Biosynthesis
OHPHM,2ohph_c + amet_c --> 2omph_c + ahcys_c + h_c,Cofactor and Vitamin Biosynthesis
OIVD1r,4mop_c + coa_c + nad_c <=> co2_c + ivcoa_c + nadh_c,Amino Acid Metabolism
OIVD2,3mob_c + coa_c + nad_c --> co2_c + ibcoa_c + nadh_c,Amino Acid Metabolism
OIVD3,3mop_c + coa_c + nad_c --> 2mbcoa_c + co2_c + nadh_c,Amino Acid Metabolism
OMAHY,h2o_c + omaenol_c --> oca_c,Aromatic Compound Degradation
OMAIS,omaketo_c <=> omaenol_c,Aromatic Compound Degradation
OMBZLM,2ombzl_c + amet_c --> 2ommbl_c + ahcys_c + h_c,Cofactor and Vitamin Biosynthesis
OMCDC,3c4mop_c + h_c --> 4mop_c + co2_c,Amino Acid Metabolism
OMMBLHX,2ommbl_c + 0.5 o2_c --> 2omhmbl_c,Cofactor and Vitamin Biosynthesis
OMPDC,h_c + orot5p_c --> co2_c + ump_c,Nucleotide Metabolism
OMPHHX,2omph_c + 0.5 o2_c --> 2ombzl_c,Cofactor and Vitamin Biosynthesis
OP4ENH,h2o_c + op4en_c --> 4h2opntn_c,Aromatic Compound Degradation
OP4ENH2,2hchd_c + h2o_c --> 4hoxoh_c,Aromatic Compound Degradation
OP4ENH3,chpd_c + h2o_c --> 4h2oxov_c,Aromatic Compound Degradation
OPAH,5oxpro_c + atp_c + 2.0 h2o_c --> adp_c + glu__L_c + h_c + pi_c,Nitrogen Metabolism
OPHBDC,3ophb_c + h_c --> 2oph_c + co2_c,Cofactor and Vitamin Biosynthesis
OPHHX,2oph_c + 0.5 o2_c --> 2ohph_c,Cofactor and Vitamin Biosynthesis
OPMEACPD,hpmeACP_c --> epmeACP_c + h2o_c,Cofactor and Vitamin Biosynthesis
OPMEACPR,h_c + nadph_c + opmeACP_c --> hpmeACP_c + nadp_c,Cofactor and Vitamin Biosynthesis
OPMEACPS,gmeACP_c + h_c + malACP_c --> ACP_c + co2_c + opmeACP_c,Cofactor and Vitamin Biosynthesis
ORN5O,nadh_c + o2_c + orn_c --> h2o_c + n5horn_c + nad_c,Metal and Inorganic Metabolism
ORNCD,orn_c --> nh4_c + pro__L_c,Amino Acid Metabolism
ORNDC,h_c + orn_c --> co2_c + ptrc_c,Amino Acid Metabolism
ORNabcpp,atp_c + h2o_c + orn_p --> adp_c + h_c + orn_c + pi_c,Transport Systems
ORNtex,orn_e <=> orn_p,Transport Systems
OROTt2_2pp,2.0 h_p + orot_p --> 2.0 h_c + orot_c,Transport Systems
OROTtex,orot_e <=> orot_p,Transport Systems
ORPT,orot5p_c + ppi_c <=> orot_c + prpp_c,Nucleotide Metabolism
OSKTabcpp,atp_c + h2o_c + unquivo_c --> adp_c + h_c + pi_c + unquivo_p,Cell Envelope and Wall Biosynthesis
OSKTpp,unquivo_c --> unquivo_p,Cell Envelope and Wall Biosynthesis
OXAtpp,h_c + oxa_p <=> h_p + oxa_c,Transport Systems
OXCOAHDH,2oxpaccoa_c + 2.0 h2o_c + nadp_c --> 3oxdhscoa_c + 2.0 h_c + nadph_c,Aromatic Compound Degradation
OXDHCOAT,3oxdhscoa_c + coa_c --> 23dhacoa_c + accoa_c,Aromatic Compound Degradation
OXFOtex,oxa_e <=> oxa_p,Transport Systems
OXOADLR,2oxoadp_c + h_c + lpam_c --> S_gtrdhdlp_c + co2_c,Amino Acid Metabolism
OXOAEL,5odhf2a_c + h2o_c --> 3oxoadp_c + h_c,Aromatic Compound Degradation
OXPTNDH,h2o_c + nad_c + oxptn_c <=> glutar_c + 2.0 h_c + nadh_c,Amino Acid Metabolism
OXYLt5,h_p + o_xyl_c --> h_c + o_xyl_e,Transport Systems
OXYLt6,h_p + o_xyl_p --> h_c + o_xyl_e,Transport Systems
O_XYLtppi,o_xyl_p --> o_xyl_c,Transport Systems
O_Xylt1,o_xyl_e <=> o_xyl_p,Transport Systems
P5CD,1pyr5c_c + 2.0 h2o_c + nad_c --> glu__L_c + h_c + nadh_c,Amino Acid Metabolism
P5CR,1pyr5c_c + 2.0 h_c + nadph_c --> nadp_c + pro__L_c,Amino Acid Metabolism
PA120abcpp,atp_c + h2o_c + pa120_c --> adp_c + h_c + pa120_p + pi_c,Transport Systems
PA160abcpp,atp_c + h2o_c + pa160_c --> adp_c + h_c + pa160_p + pi_c,Transport Systems
PA161abcpp,atp_c + h2o_c + pa161_c --> adp_c + h_c + pa161_p + pi_c,Transport Systems
PA180abcpp,atp_c + h2o_c + pa180_c --> adp_c + h_c + pa180_p + pi_c,Transport Systems
PA181abcpp,atp_c + h2o_c + pa181_c --> adp_c + h_c + pa181_p + pi_c,Transport Systems
PACALDtex,pacald_e <=> pacald_p,Transport Systems
PACALtabcpp,atp_c + h2o_c + pacald_p --> adp_c + h_c + pacald_c + pi_c,Transport Systems
PACCOAE,h_c + nadph_c + o2_c + phaccoa_c --> h2o_c + nadp_c + rephaccoa_c,Aromatic Compound Degradation
PACCOAL,atp_c + coa_c + pac_c --> amp_c + phaccoa_c + ppi_c,Aromatic Compound Degradation
PACt3,na1_p + pac_p <=> na1_c + pac_c,Transport Systems
PACtex,pac_e <=> pac_p,Transport Systems
PALDO2,nadh_c + o2_c + pald_c <=> h2o_c + nad_c + phnac_c,Metal and Inorganic Metabolism
PALDP,h2o_c + pald_c --> acald_c + pi_c,Metal and Inorganic Metabolism
PALGSKT,5.0 gdpmanur_c + h2o_c --> 5.0 gdp_c + 5.0 h_p + prealginate__M_p,Cellular Processes and Storage
PANTS,ala_B_c + atp_c + pant__R_c --> amp_c + h_c + pnto__R_c + ppi_c,Cofactor and Vitamin Biosynthesis
PAPA120,h2o_c + pa120_c --> 12dgr120_c + pi_c,Fatty Acid and Lipid Metabolism
PAPA140,h2o_c + pa140_c --> 12dgr140_c + pi_c,Fatty Acid and Lipid Metabolism
PAPA141,h2o_c + pa141_c --> 12dgr141_c + pi_c,Fatty Acid and Lipid Metabolism
PAPA160,h2o_c + pa160_c --> 12dgr160_c + pi_c,Fatty Acid and Lipid Metabolism
PAPA161,h2o_c + pa161_c --> 12dgr161_c + pi_c,Fatty Acid and Lipid Metabolism
PAPA180,h2o_c + pa180_c --> 12dgr180_c + pi_c,Fatty Acid and Lipid Metabolism
PAPA181,h2o_c + pa181_c --> 12dgr181_c + pi_c,Fatty Acid and Lipid Metabolism
PAPPT3,udcpp_c + ugmda_c --> uagmda_c + ump_c,Cell Envelope and Wall Biosynthesis
PAPSR,paps_c + trdrd_c --> 2.0 h_c + pap_c + so3_c + trdox_c,Metal and Inorganic Metabolism
PAPSR2,grxrd_c + paps_c --> grxox_c + 2.0 h_c + pap_c + so3_c,Metal and Inorganic Metabolism
PB2abcpp,atp_c + h2o_c + pb2_c --> adp_c + h_c + pb2_p + pi_c,Metal and Inorganic Metabolism
PB2t5,h_p + pb2_c --> h_c + pb2_e,Metal and Inorganic Metabolism
PB2t6,h_p + pb2_p --> h_c + pb2_e,Metal and Inorganic Metabolism
PB2tex,pb2_e <=> pb2_p,Transport Systems
PB2tpp,pb2_p --> pb2_c,Transport Systems
PC,atp_c + hco3_c + pyr_c --> adp_c + h_c + oaa_c + pi_c,Central Carbon Metabolism
PC11M,amet_c + pre4_c --> ahcys_c + h_c + pre5_c,Cofactor and Vitamin Biosynthesis
PC17M,amet_c + pre3b_c --> ahcys_c + 3.0 h_c + pre4_c,Cofactor and Vitamin Biosynthesis
PC20M,amet_c + dscl_c --> ahcys_c + h_c + pre3a_c,Cofactor and Vitamin Biosynthesis
PC6AR,h_c + nadph_c + pre6a_c --> nadp_c + pre6b_c,Cofactor and Vitamin Biosynthesis
PC6YM,2.0 amet_c + pre6b_c --> 2.0 ahcys_c + co2_c + 2.0 h_c + pre8_c,Cofactor and Vitamin Biosynthesis
PC8XM,h_c + pre8_c --> hgbyr_c,Cofactor and Vitamin Biosynthesis
PCADYOX,34dhbz_c + o2_c --> CCbuttc_c + 2.0 h_c,Aromatic Compound Degradation
PDE1,camp_c + h2o_c --> amp_c + h_c,Nucleotide Metabolism
PDE4,35cgmp_c + h2o_c --> gmp_c + h_c,Nucleotide Metabolism
PDH,coa_c + nad_c + pyr_c --> accoa_c + co2_c + nadh_c,Central Carbon Metabolism
PDHa,h_c + lpam_c + pyr_c --> adhlam_c + co2_c,Central Carbon Metabolism
PDHbr,adhlam_c + coa_c <=> accoa_c + dhlam_c,Central Carbon Metabolism
PDHcr,dhlam_c + nad_c <=> h_c + lpam_c + nadh_c,Central Carbon Metabolism
PDX5POi,o2_c + pdx5p_c --> h2o2_c + pydx5p_c,Cofactor and Vitamin Biosynthesis
PDX5PS,dxyl5p_c + nad_c + phthr_c --> co2_c + 2.0 h2o_c + h_c + nadh_c + pdx5p_c + pi_c,Cofactor and Vitamin Biosynthesis
PE120abcpp,atp_c + h2o_c + pe120_c --> adp_c + h_c + pe120_p + pi_c,Transport Systems
PE140abcpp,atp_c + h2o_c + pe140_c --> adp_c + h_c + pe140_p + pi_c,Transport Systems
PE141abcpp,atp_c + h2o_c + pe141_c --> adp_c + h_c + pe141_p + pi_c,Transport Systems
PE160abcpp,atp_c + h2o_c + pe160_c --> adp_c + h_c + pe160_p + pi_c,Transport Systems
PE161abcpp,atp_c + h2o_c + pe161_c --> adp_c + h_c + pe161_p + pi_c,Transport Systems
PE180abcpp,atp_c + h2o_c + pe180_c --> adp_c + h_c + pe180_p + pi_c,Transport Systems
PE181abcpp,atp_c + h2o_c + pe181_c --> adp_c + h_c + pe181_p + pi_c,Transport Systems
PEAL2tabc,atp_c + h2o_c + pea_p --> adp_c + h_c + pea_c + pi_c,Transport Systems
PEALtabc,atp_c + h2o_c + pea_c --> adp_c + h_c + pea_e + pi_c,Transport Systems
PEALtex,pea_e <=> pea_p,Transport Systems
PEAMNO2pp,h2o_p + peamn_p + pqq_p --> nh4_p + pacald_p + pqqh2_p,Aromatic Compound Degradation
PEAMNtex,peamn_e <=> peamn_p,Transport Systems
PEAOpp,pea_p + pqq_p --> pacald_p + pqqh2_p,Aromatic Compound Degradation
PEAtabcpp,atp_c + h2o_c + peamn_p --> adp_c + h_c + peamn_c + pi_c,Transport Systems
PENTSOtex,pentso3_e <=> pentso3_p,Transport Systems
PERD,4per_c + nad_c <=> h_c + nadh_c + ohpb_c,Cofactor and Vitamin Biosynthesis
PETNT161_kt,hpphlipa_kt_c + pe161_c --> 12dgr161_c + hethapphlipa_c,Cell Envelope and Wall Biosynthesis
PETNT181_kt,hpphlipa_kt_c + pe181_c --> 12dgr181_c + hethapphlipa_c,Cell Envelope and Wall Biosynthesis
PG120abcpp,atp_c + h2o_c + pg120_c --> adp_c + h_c + pg120_p + pi_c,Transport Systems
PG140abcpp,atp_c + h2o_c + pg140_c --> adp_c + h_c + pg140_p + pi_c,Transport Systems
PG141abcpp,atp_c + h2o_c + pg141_c --> adp_c + h_c + pg141_p + pi_c,Transport Systems
PG160abcpp,atp_c + h2o_c + pg160_c --> adp_c + h_c + pg160_p + pi_c,Transport Systems
PG161abcpp,atp_c + h2o_c + pg161_c --> adp_c + h_c + pg161_p + pi_c,Transport Systems
PG180abcpp,atp_c + h2o_c + pg180_c --> adp_c + h_c + pg180_p + pi_c,Transport Systems
PG181abcpp,atp_c + h2o_c + pg181_c --> adp_c + h_c + pg181_p + pi_c,Transport Systems
PGAMT,gam1p_c <=> gam6p_c,Cell Envelope and Wall Biosynthesis
PGCD,3pg_c + nad_c --> 3php_c + h_c + nadh_c,Amino Acid Metabolism
PGI,g6p_c <=> f6p_c,Central Carbon Metabolism
PGK,3pg_c + atp_c <=> 13dpg_c + adp_c,Central Carbon Metabolism
PGL,6pgl_c + h2o_c --> 6pgc_c + h_c,Central Carbon Metabolism
PGLCNDH,6p2dhglcn_c + nadph_c <=> 6pgc_c + 2.0 h_c + nadp_c,Central Carbon Metabolism
PGLYCP,2pglyc_c + h2o_c --> glyclt_c + pi_c,Central Carbon Metabolism
PGM,2pg_c <=> 3pg_c,Central Carbon Metabolism
PGMT,g1p_c <=> g6p_c,Alternative Carbon Metabolism
PGP120abcpp,atp_c + h2o_c + pgp120_c --> adp_c + h_c + pgp120_p + pi_c,Transport Systems
PGP140abcpp,atp_c + h2o_c + pgp140_c --> adp_c + h_c + pgp140_p + pi_c,Transport Systems
PGP141abcpp,atp_c + h2o_c + pgp141_c --> adp_c + h_c + pgp141_p + pi_c,Transport Systems
PGP160abcpp,atp_c + h2o_c + pgp160_c --> adp_c + h_c + pgp160_p + pi_c,Transport Systems
PGP161abcpp,atp_c + h2o_c + pgp161_c --> adp_c + h_c + pgp161_p + pi_c,Transport Systems
PGP180abcpp,atp_c + h2o_c + pgp180_c --> adp_c + h_c + pgp180_p + pi_c,Transport Systems
PGP181abcpp,atp_c + h2o_c + pgp181_c --> adp_c + h_c + pgp181_p + pi_c,Transport Systems
PGPP120,h2o_c + pgp120_c --> pg120_c + pi_c,Fatty Acid and Lipid Metabolism
PGPP120pp,h2o_p + pgp120_p --> pg120_p + pi_p,Fatty Acid and Lipid Metabolism
PGPP140,h2o_c + pgp140_c --> pg140_c + pi_c,Fatty Acid and Lipid Metabolism
PGPP140pp,h2o_p + pgp140_p --> pg140_p + pi_p,Fatty Acid and Lipid Metabolism
PGPP141,h2o_c + pgp141_c --> pg141_c + pi_c,Fatty Acid and Lipid Metabolism
PGPP141pp,h2o_p + pgp141_p --> pg141_p + pi_p,Fatty Acid and Lipid Metabolism
PGPP160,h2o_c + pgp160_c --> pg160_c + pi_c,Fatty Acid and Lipid Metabolism
PGPP160pp,h2o_p + pgp160_p --> pg160_p + pi_p,Fatty Acid and Lipid Metabolism
PGPP161,h2o_c + pgp161_c --> pg161_c + pi_c,Fatty Acid and Lipid Metabolism
PGPP161pp,h2o_p + pgp161_p --> pg161_p + pi_p,Fatty Acid and Lipid Metabolism
PGPP180,h2o_c + pgp180_c --> pg180_c + pi_c,Fatty Acid and Lipid Metabolism
PGPP180pp,h2o_p + pgp180_p --> pg180_p + pi_p,Fatty Acid and Lipid Metabolism
PGPP181,h2o_c + pgp181_c --> pg181_c + pi_c,Fatty Acid and Lipid Metabolism
PGPP181pp,h2o_p + pgp181_p --> pg181_p + pi_p,Fatty Acid and Lipid Metabolism
PGSA120,cdpdddecg_c + glyc3p_c --> cmp_c + h_c + pgp120_c,Fatty Acid and Lipid Metabolism
PGSA140,cdpdtdecg_c + glyc3p_c --> cmp_c + h_c + pgp140_c,Fatty Acid and Lipid Metabolism
PGSA141,cdpdtdec7eg_c + glyc3p_c --> cmp_c + h_c + pgp141_c,Fatty Acid and Lipid Metabolism
PGSA160,cdpdhdecg_c + glyc3p_c --> cmp_c + h_c + pgp160_c,Fatty Acid and Lipid Metabolism
PGSA161,cdpdhdec9eg_c + glyc3p_c --> cmp_c + h_c + pgp161_c,Fatty Acid and Lipid Metabolism
PGSA180,cdpdodecg_c + glyc3p_c --> cmp_c + h_c + pgp180_c,Fatty Acid and Lipid Metabolism
PGSA181,cdpdodec11eg_c + glyc3p_c --> cmp_c + h_c + pgp181_c,Fatty Acid and Lipid Metabolism
PHADPC100,C100aPHA_c + h2o_c --> PHAg_c + R_3hdcaa_c + h_c,Cellular Processes and Storage
PHADPC101,C101PAH_c + h2o_c --> PHAg_c + R3hdec4e_c + h_c,Cellular Processes and Storage
PHADPC120,C120aPHA_c + h2o_c --> PHAg_c + R_3hdda_c + h_c,Cellular Processes and Storage
PHADPC121,C121aPHA_c + h2o_c --> PHAg_c + R_3hdd5ea_c + h_c,Cellular Processes and Storage
PHADPC121d6,C121d6PHA_c + h2o_c --> PHAg_c + R_3hdd6e_c + h_c,Cellular Processes and Storage
PHADPC140,C140aPHA_c + h2o_c --> PHAg_c + R_3httdca_c + h_c,Cellular Processes and Storage
PHADPC141,C141aPHA_c + h2o_c --> PHAg_c + R_3hcmrs7e_c + h_c,Cellular Processes and Storage
PHADPC141d5,C141d5PHA_c + h2o_c --> PHAg_c + R_3htd5e_c + h_c,Cellular Processes and Storage
PHADPC142,C142PHA_c + h2o_c --> PHAg_c + R_3htd58e_c + h_c,Cellular Processes and Storage
PHADPC40,C40aPHA_c + h2o_c --> PHAg_c + bhb_c + h_c,Cellular Processes and Storage
PHADPC50,C50aPHA_c + h2o_c --> PHAg_c + R_3hpt_c + h_c,Cellular Processes and Storage
PHADPC60,C60aPHA_c + h2o_c --> PHAg_c + R_3hhxa_c + h_c,Cellular Processes and Storage
PHADPC70,C70aPHA_c + h2o_c --> PHAg_c + R_3hhpa_c + h_c,Cellular Processes and Storage
PHADPC80,C80aPHA_c + h2o_c --> PHAg_c + R_3hocta_c + h_c,Cellular Processes and Storage
PHADPC90,C90aPHA_c + h2o_c --> PHAg_c + R_3hnonaa_c + h_c,Cellular Processes and Storage
PHADPCP100,C100pPHA_c + h2o_c --> PHAg_c + R_3hpdeca_c + h_c,Cellular Processes and Storage
PHADPCP40,C40pPHA_c + h2o_c --> PHAg_c + R_3hpba_c + h_c,Cellular Processes and Storage
PHADPCP50,C50pPHA_c + h2o_c --> PHAg_c + R_3hppta_c + h_c,Cellular Processes and Storage
PHADPCP60,C60pPHA_c + h2o_c --> PHAg_c + R_3hphxa_c + h_c,Cellular Processes and Storage
PHADPCP70,C70pPHA_c + h2o_c --> PHAg_c + R_3hphpa_c + h_c,Cellular Processes and Storage
PHADPCP80,C80pPHA_c + h2o_c --> PHAg_c + R_3hpocta_c + h_c,Cellular Processes and Storage
PHADPCP90,C90pPHA_c + h2o_c --> PHAg_c + R_3hpnona_c + h_c,Cellular Processes and Storage
PHADPCT40,C40atPHA_c + h2o_c --> PHAg_c + R_3h4atba_c + h_c,Cellular Processes and Storage
PHADPCT60,C60atPHA_c + h2o_c --> PHAg_c + R_3h6atha_c + h_c,Cellular Processes and Storage
PHAP2C100,PHAg_c + R_3hdcoa_c --> C100aPHA_c + coa_c,Cellular Processes and Storage
PHAP2C101,PHAg_c + R3hdec4coa_c --> C101PAH_c + coa_c,Cellular Processes and Storage
PHAP2C120,PHAg_c + R_3hddcoa_c --> C120aPHA_c + coa_c,Cellular Processes and Storage
PHAP2C121,PHAg_c + R_3hcddec5ecoa_c --> C121aPHA_c + coa_c,Cellular Processes and Storage
PHAP2C121d6,PHAg_c + R_3hdd6coa_c --> C121d6PHA_c + coa_c,Cellular Processes and Storage
PHAP2C140,PHAg_c + R_3hmrscoa_c --> C140aPHA_c + coa_c,Cellular Processes and Storage
PHAP2C141,PHAg_c + R_3hcmrs7ecoa_c --> C141aPHA_c + coa_c,Cellular Processes and Storage
PHAP2C141d5,PHAg_c + R_3htd5coa_c --> C141d5PHA_c + coa_c,Cellular Processes and Storage
PHAP2C142,PHAg_c + R_3htd58coa_c --> C142PHA_c + coa_c,Cellular Processes and Storage
PHAP2C60,PHAg_c + R_3hhcoa_c --> C60aPHA_c + coa_c,Cellular Processes and Storage
PHAP2C80,PHAg_c + R_3hocoa_c --> C80aPHA_c + coa_c,Cellular Processes and Storage
PHAPC40,3hbcoa__R_c + PHAg_c --> C40aPHA_c + coa_c,Cellular Processes and Storage
PHAPC50,PHAg_c + R_3hptcoa_c --> C50aPHA_c + coa_c,Cellular Processes and Storage
PHAPC70,PHAg_c + R_3hhpcoa_c --> C70aPHA_c + coa_c,Cellular Processes and Storage
PHAPC90,PHAg_c + R_3hnonacoa_c --> C90aPHA_c + coa_c,Cellular Processes and Storage
PHAPCP100,PHAg_c + R_3hpdecacoa_c --> C100pPHA_c + coa_c,Cellular Processes and Storage
PHAPCP40,PHAg_c + R_3hpbcoa_c --> C40pPHA_c + coa_c,Cellular Processes and Storage
PHAPCP50,PHAg_c + R_3hpptcoa_c --> C50pPHA_c + coa_c,Cellular Processes and Storage
PHAPCP60,PHAg_c + R_3hphxacoa_c --> C60pPHA_c + coa_c,Cellular Processes and Storage
PHAPCP70,PHAg_c + R_3hphpcoa_c --> C70pPHA_c + coa_c,Cellular Processes and Storage
PHAPCP80,PHAg_c + R_3hpoctacoa_c --> C80pPHA_c + coa_c,Cellular Processes and Storage
PHAPCP90,PHAg_c + R_3hpnonacoa_c --> C90pPHA_c + coa_c,Cellular Processes and Storage
PHAPCT40,PHAg_c + R_3h4atbcoa_c --> C40atPHA_c + coa_c,Cellular Processes and Storage
PHAPCT60,PHAg_c + R_3h6athcoa_c --> C60atPHA_c + coa_c,Cellular Processes and Storage
PHEDCAtexi,phedca_e --> phedca_p,Transport Systems
PHEHPAtexi,phehpa_e --> phehpa_p,Transport Systems
PHEHXAtexi,phehxa_e --> phehxa_p,Transport Systems
PHEME2abcpp,atp_c + h2o_c + pheme_p --> adp_c + h_c + pheme_c + pi_c,Transport Systems
PHEMEabcpp,atp_c + h2o_c + pheme_c --> adp_c + h_c + pheme_p + pi_c,Metal and Inorganic Metabolism
PHEMEtiex,pheme_p --> pheme_e,Metal and Inorganic Metabolism
PHEMEtonex,h_p + pheme_e --> h_c + pheme_p,Transport Systems
PHENONAtexi,phenona_e --> phenona_p,Transport Systems
PHEOCTAtexi,pheocta_e --> pheocta_p,Transport Systems
PHEPTtexi,phept_e --> phept_p,Transport Systems
PHETA1,akg_c + phe__L_c <=> glu__L_c + phpyr_c,Amino Acid Metabolism
PHETHPTOX3,o2_c + phe__L_c + thmnp_c --> dhmpt_c + h2o_c + tyr__L_c,Aromatic Compound Degradation
PHETRS,atp_c + phe__L_c + trnaphe_c --> amp_c + phetrna_c + ppi_c,Cellular Processes and Storage
PHEt2rpp,h_p + phe__L_p <=> h_c + phe__L_c,Transport Systems
PHEtex,phe__L_e <=> phe__L_p,Transport Systems
PHNACH,h2o_c + phnac_c --> ac_c + pi_c,Metal and Inorganic Metabolism
PHPYRtex,phpyr_e <=> phpyr_p,Transport Systems
PHPYRtpp,h_p + phpyr_p <=> h_c + phpyr_c,Transport Systems
PIt2rpp,h_p + pi_p <=> h_c + pi_c,Transport Systems
PIt7ipp,3.0 na1_p + pi_p --> 3.0 na1_c + pi_c,Transport Systems
PItex,pi_e <=> pi_p,Transport Systems
PIuabcpp,atp_c + h2o_c + pi_p --> adp_c + h_c + 2.0 pi_c,Transport Systems
PLCTI1,pe161_p <=> pe161e9_p,Fatty Acid and Lipid Metabolism
PLCTI2,pe181_p <=> pe181e11_p,Fatty Acid and Lipid Metabolism
PLCTI3,pg161_p <=> pg161e9_p,Fatty Acid and Lipid Metabolism
PLCTI4,pg181_p <=> pg181e11_p,Fatty Acid and Lipid Metabolism
PLCTI5,clpn161_p <=> clpn161e9_p,Fatty Acid and Lipid Metabolism
PLCTI6,clpn181_p <=> clpn181e11_p,Fatty Acid and Lipid Metabolism
PLIPA1E160pp,h2o_p + pe160_p --> 2agpe160_p + h_p + hdca_p,Fatty Acid and Lipid Metabolism
PLIPA1E161pp,h2o_p + pe161_p --> 2agpe161_p + h_p + hdcea_p,Fatty Acid and Lipid Metabolism
PLIPA1E180pp,h2o_p + pe180_p --> 2agpe180_p + h_p + ocdca_p,Fatty Acid and Lipid Metabolism
PLIPA1E181d11pp,h2o_p + pe181_p --> 2agpe181_p + h_p + vacc_p,Fatty Acid and Lipid Metabolism
PLIPA1G160pp,h2o_p + pg160_p --> 2agpg160_p + h_p + hdca_p,Fatty Acid and Lipid Metabolism
PLIPA1G161pp,h2o_p + pg161_p --> 2agpg161_p + h_p + hdcea_p,Fatty Acid and Lipid Metabolism
PLIPA1G180pp,h2o_p + pg180_p --> 2agpg180_p + h_p + ocdca_p,Fatty Acid and Lipid Metabolism
PLIPA1G181d11pp,h2o_p + pg181_p --> 2agpg181_p + h_p + vacc_p,Fatty Acid and Lipid Metabolism
PLIPA2E160pp,h2o_p + pe160_p --> 1agpe160_p + h_p + hdca_p,Fatty Acid and Lipid Metabolism
PLIPA2E161pp,h2o_p + pe161_p --> 1agpe161_p + h_p + hdcea_p,Fatty Acid and Lipid Metabolism
PLIPA2E180pp,h2o_p + pe180_p --> 1agpe180_p + h_p + ocdca_p,Fatty Acid and Lipid Metabolism
PLIPA2E181d11pp,h2o_p + pe181_p --> 1agpe181_p + h_p + vacc_p,Fatty Acid and Lipid Metabolism
PLIPA2G160pp,h2o_p + pg160_p --> 1agpg160_p + h_p + hdca_p,Fatty Acid and Lipid Metabolism
PLIPA2G161pp,h2o_p + pg161_p --> 1agpg161_p + h_p + hdcea_p,Fatty Acid and Lipid Metabolism
PLIPA2G180pp,h2o_p + pg180_p --> 1agpg180_p + h_p + ocdca_p,Fatty Acid and Lipid Metabolism
PLIPA2G181d11pp,h2o_p + pg181_p --> 1agpg181_p + h_p + vacc_p,Fatty Acid and Lipid Metabolism
PLPSLpp,lpscore_kt_p + unquivo_p --> h_p + lpspput_p + udcpdp_p,Cell Envelope and Wall Biosynthesis
PLPSabctex,atp_c + h2o_c + lpspput_p --> adp_c + h_c + lpspput_e + pi_c,Cell Envelope and Wall Biosynthesis
PMANM,man1p_c <=> man6p_c,Cellular Processes and Storage
PMDPHT,5aprbu_c + h2o_c --> 4r5au_c + pi_c,Cofactor and Vitamin Biosynthesis
PMEACPE,h2o_c + pmeACP_c --> meoh_c + pimACP_c,Cofactor and Vitamin Biosynthesis
PMPK,4ampm_c + atp_c --> 2mahmp_c + adp_c,Cofactor and Vitamin Biosynthesis
PNTK,atp_c + pnto__R_c --> 4ppan_c + adp_c + h_c,Cofactor and Vitamin Biosynthesis
PNTOt4pp,na1_p + pnto__R_p --> na1_c + pnto__R_c,Transport Systems
PNTOtex,pnto__R_e <=> pnto__R_p,Transport Systems
PPA,h2o_c + ppi_c --> h_c + 2.0 pi_c,Metal and Inorganic Metabolism
PPA2,h2o_c + pppi_c --> h_c + pi_c + ppi_c,Metal and Inorganic Metabolism
PPAt4pp,na1_p + ppa_p --> na1_c + ppa_c,Transport Systems
PPAtex,ppa_e <=> ppa_p,Transport Systems
PPBNGS,2.0 5aop_c --> 2.0 h2o_c + h_c + ppbng_c,Cofactor and Vitamin Biosynthesis
PPC,co2_c + h2o_c + pep_c --> h_c + oaa_c + pi_c,Central Carbon Metabolism
PPCDC,4ppcys_c + h_c --> co2_c + pan4p_c,Cofactor and Vitamin Biosynthesis
PPCK,atp_c + oaa_c --> adp_c + co2_c + pep_c,Central Carbon Metabolism
PPCSCT,ppcoa_c + succ_c --> ppa_c + succoa_c,Alternative Carbon Metabolism
PPGPPDP,h2o_c + ppgpp_c --> gdp_c + ppi_c,Nucleotide Metabolism
PPHNTA,Largn_c + akg_c <=> glu__L_c + h_c + pphn_c,Amino Acid Metabolism
PPItex,ppi_e <=> ppi_p,Transport Systems
PPIuabcpp,atp_c + h2o_c + ppi_p --> adp_c + h_c + pi_c + ppi_c,Transport Systems
PPK2r,atp_c + ppi_c <=> adp_c + pppi_c,Metal and Inorganic Metabolism
PPK50_B,47.0 gdp_c + ppi50_c --> 47.0 gtp_c + pppi_c,Metal and Inorganic Metabolism
PPK50r,47.0 atp_c + pppi_c <=> 47.0 adp_c + ppi50_c,Metal and Inorganic Metabolism
PPKr,atp_c + pi_c <=> adp_c + ppi_c,Metal and Inorganic Metabolism
PPM,r1p_c <=> r5p_c,Alternative Carbon Metabolism
PPNCL2,4ppan_c + ctp_c + cys__L_c --> 4ppcys_c + cmp_c + h_c + ppi_c,Cofactor and Vitamin Biosynthesis
PPND,nad_c + pphn_c --> 34hpp_c + co2_c + nadh_c,Amino Acid Metabolism
PPNDH,h_c + pphn_c --> co2_c + h2o_c + phpyr_c,Amino Acid Metabolism
PPPGO,1.5 o2_c + pppg9_c --> 3.0 h2o_c + ppp9_c,Cofactor and Vitamin Biosynthesis
PPRDNDH,2.0 h2o_c + nad_c + pprdn_c --> 5aptn_c + h_c + nadh_c,Amino Acid Metabolism
PPS,atp_c + h2o_c + pyr_c --> amp_c + 2.0 h_c + pep_c + pi_c,Central Carbon Metabolism
PPYRDC,h_c + phpyr_c --> co2_c + pacald_c,Aromatic Compound Degradation
PQQAC,pqqA_kt_c --> 2.0 h_c + pqqAc_kt_c,Cofactor and Vitamin Biosynthesis
PQQFEP,4.0 h2o_c + pqqAc_kt_c --> 4pqq_c + tripeptide_c,Cofactor and Vitamin Biosynthesis
PQQH2S,1pqq_c + 3.0 o2_c <=> 2.0 h2o2_c + 2.0 h2o_c + pqqh2_c,Cofactor and Vitamin Biosynthesis
PQQH2tpp,pqqh2_c <=> pqqh2_p,Transport Systems
PQQtpp,pqq_c <=> pqq_p,Transport Systems
PRAIS,atp_c + fpram_c --> adp_c + air_c + 2.0 h_c + pi_c,Nucleotide Metabolism
PRAIi,pran_c --> 2cpr5p_c,Amino Acid Metabolism
PRAMPC,h2o_c + prbamp_c --> prfp_c,Nucleotide Metabolism
PRASCSi,5aizc_c + asp__L_c + atp_c --> 25aics_c + adp_c + h_c + pi_c,Central Carbon Metabolism
PRATPP,h2o_c + prbatp_c --> h_c + ppi_c + prbamp_c,Amino Acid Metabolism
PRFGS,atp_c + fgam_c + gln__L_c + h2o_c --> adp_c + fpram_c + glu__L_c + h_c + pi_c,Nucleotide Metabolism
PRMICI,prfp_c <=> prlp_c,Amino Acid Metabolism
PROD2,fad_c + pro__L_c --> 1pyr5c_c + fadh2_c + h_c,Amino Acid Metabolism
PROGLYabcpp,atp_c + h2o_c + progly_p --> adp_c + h_c + pi_c + progly_c,Transport Systems
PROGLYtex,progly_e <=> progly_p,Transport Systems
PROTRS,atp_c + pro__L_c + trnapro_c --> amp_c + ppi_c + protrna_c,Cellular Processes and Storage
PROabcpp,atp_c + h2o_c + pro__L_p --> adp_c + h_c + pi_c + pro__L_c,Transport Systems
PROt2rpp,h_p + pro__L_p --> h_c + pro__L_c,Transport Systems
PROt4pp,na1_p + pro__L_p --> na1_c + pro__L_c,Transport Systems
PROtex,pro__L_e <=> pro__L_p,Transport Systems
PRPPS,atp_c + r5p_c <=> amp_c + h_c + prpp_c,Alternative Carbon Metabolism
PSCVT,pep_c + skm5p_c <=> 3psme_c + pi_c,Amino Acid Metabolism
PSD120,h_c + ps120_c --> co2_c + pe120_c,Fatty Acid and Lipid Metabolism
PSD140,h_c + ps140_c --> co2_c + pe140_c,Fatty Acid and Lipid Metabolism
PSD141,h_c + ps141_c --> co2_c + pe141_c,Fatty Acid and Lipid Metabolism
PSD160,h_c + ps160_c --> co2_c + pe160_c,Fatty Acid and Lipid Metabolism
PSD161,h_c + ps161_c --> co2_c + pe161_c,Fatty Acid and Lipid Metabolism
PSD180,h_c + ps180_c --> co2_c + pe180_c,Fatty Acid and Lipid Metabolism
PSD181,h_c + ps181_c --> co2_c + pe181_c,Fatty Acid and Lipid Metabolism
PSERT,3php_c + glu__L_c --> akg_c + pser__L_c,Amino Acid Metabolism
PSP_L,h2o_c + pser__L_c --> pi_c + ser__L_c,Amino Acid Metabolism
PSSA120,cdpdddecg_c + ser__L_c --> cmp_c + h_c + ps120_c,Fatty Acid and Lipid Metabolism
PSSA140,cdpdtdecg_c + ser__L_c --> cmp_c + h_c + ps140_c,Fatty Acid and Lipid Metabolism
PSSA141,cdpdtdec7eg_c + ser__L_c --> cmp_c + h_c + ps141_c,Fatty Acid and Lipid Metabolism
PSSA160,cdpdhdecg_c + ser__L_c --> cmp_c + h_c + ps160_c,Fatty Acid and Lipid Metabolism
PSSA161,cdpdhdec9eg_c + ser__L_c --> cmp_c + h_c + ps161_c,Fatty Acid and Lipid Metabolism
PSSA180,cdpdodecg_c + ser__L_c --> cmp_c + h_c + ps180_c,Fatty Acid and Lipid Metabolism
PSSA181,cdpdodec11eg_c + ser__L_c --> cmp_c + h_c + ps181_c,Fatty Acid and Lipid Metabolism
PTA2,pi_c + ppcoa_c --> coa_c + ppap_c,Alternative Carbon Metabolism
PTAr,accoa_c + pi_c <=> actp_c + coa_c,Central Carbon Metabolism
PTAtex,pta_e <=> pta_p,Transport Systems
PTOLDOX,h_c + nadh_c + o2_c + p_tol_c --> dh4mchc_c + nad_c,Aromatic Compound Degradation
PTPATi,atp_c + h_c + pan4p_c --> dpcoa_c + ppi_c,Cofactor and Vitamin Biosynthesis
PTRCTA,akg_c + ptrc_c --> 4abutn_c + glu__L_c,Nitrogen Metabolism
PTRCTA2,ptrc_c + pyr_c --> 4abutn_c + ala__L_c,Nitrogen Metabolism
PTRCabcpp,atp_c + h2o_c + ptrc_p --> adp_c + h_c + pi_c + ptrc_c,Transport Systems
PTRCt2pp,h_p + ptrc_p --> h_c + ptrc_c,Transport Systems
PTRCtex,ptrc_e <=> ptrc_p,Transport Systems
PTSLAtexi,ptsla_e --> ptsla_p,Transport Systems
PUTA3,glu5sa_c + h2o_c + nad_c --> glu__L_c + 2.0 h_c + nadh_c,Amino Acid Metabolism
PXMO,h_c + nadh_c + o2_c + p_xyl_c --> 4mbzalc_c + h2o_c + nad_c,Aromatic Compound Degradation
PXYLt5,h_p + p_xyl_c --> h_c + p_xyl_e,Transport Systems
PXYLt6,h_p + p_xyl_p --> h_c + p_xyl_e,Transport Systems
PYAM5PO,h2o_c + o2_c + pyam5p_c --> h2o2_c + nh4_c + pydx5p_c,Cofactor and Vitamin Biosynthesis
PYDAMK,atp_c + pydam_c --> adp_c + h_c + pyam5p_c,Cofactor and Vitamin Biosynthesis
PYDAMtex,pydam_e <=> pydam_p,Transport Systems
PYDAMtpp,pydam_p --> pydam_c,Transport Systems
PYDXK,atp_c + pydx_c --> adp_c + h_c + pydx5p_c,Cofactor and Vitamin Biosynthesis
PYDXNK,atp_c + pydxn_c --> adp_c + h_c + pdx5p_c,Cofactor and Vitamin Biosynthesis
PYK,adp_c + h_c + pep_c --> atp_c + pyr_c,Central Carbon Metabolism
PYNP2r,pi_c + uri_c <=> r1p_c + ura_c,Nucleotide Metabolism
PYOVD2tex,atp_c + h2o_c + pyovd_kt_p --> adp_c + h_c + pi_c + pyovd_kt_e,Metal and Inorganic Metabolism
PYOVDM1,fbac_kt_p --> pvdiq_p,Metal and Inorganic Metabolism
PYOVDM2,pvdiq_p --> pyovd_kt_p,Metal and Inorganic Metabolism
PYOVDtex,atp_c + h2o_c + pyovd_p --> adp_c + h_c + pi_c + pyovd_e,Metal and Inorganic Metabolism
PYRDOX,dhpyr_c + o2_c --> h_c + nfmalm_c,Aromatic Compound Degradation
PYRZAM,h2o_c + malm_c --> male_c + nh4_c,Aromatic Compound Degradation
PYRt2rpp,h_p + pyr_p <=> h_c + pyr_c,Transport Systems
PYRtex,pyr_e <=> pyr_p,Transport Systems
P_XYLtpp,p_xyl_p --> p_xyl_c,Transport Systems
P_Xylt1,p_xyl_e <=> p_xyl_p,Transport Systems
QOR1,h_c + nadh_c + trnahisqo_c --> h2o_c + nad_c + trnahisq_c,Cofactor and Vitamin Biosynthesis
QOR2,h_c + nadh_c + trnatyrqo_c --> h2o_c + nad_c + trnatyrq_c,Cofactor and Vitamin Biosynthesis
QOR3,h_c + nadh_c + trnaaspqo_c --> h2o_c + nad_c + trnaaspq_c,Cofactor and Vitamin Biosynthesis
QUEA1,amet_c + trnahis_preq34_c --> ade_c + 2.0 h_c + met__L_c + trnahisqo_c,Cofactor and Vitamin Biosynthesis
QUEA2,amet_c + trnatyr_preq34_c --> ade_c + 2.0 h_c + met__L_c + trnatyrqo_c,Cofactor and Vitamin Biosynthesis
QUEA3,amet_c + trnaasp_preq34_c --> ade_c + 2.0 h_c + met__L_c + trnaaspqo_c,Cofactor and Vitamin Biosynthesis
QUIDH,pqq_c + quin_c --> 3dhq_c + pqqh2_c,Aromatic Compound Degradation
QUIDHy,nadp_c + quin_c <=> 3dhq_c + h_c + nadph_c,Amino Acid Metabolism
QUINtex,quin_e <=> quin_p,Transport Systems
QUINtpp,h_p + quin_p <=> h_c + quin_c,Transport Systems
QULNS,dhap_c + iasp_c --> 2.0 h2o_c + pi_c + quln_c,Cofactor and Vitamin Biosynthesis
R05219,amet_c + h2o_c + pre5_c --> ac_c + ahcys_c + h_c + pre6a_c,Cofactor and Vitamin Biosynthesis
R15BPK,atp_c + r15bp_c --> adp_c + prpp_c,Alternative Carbon Metabolism
R1PK,atp_c + r1p_c --> adp_c + h_c + r15bp_c,Alternative Carbon Metabolism
RBFK,atp_c + ribflv_c --> adp_c + fmn_c + h_c,Cofactor and Vitamin Biosynthesis
RBFSa,4r5au_c + db4p_c --> dmlz_c + 2.0 h2o_c + pi_c,Cofactor and Vitamin Biosynthesis
RBFSb,2.0 dmlz_c --> 4r5au_c + ribflv_c,Cofactor and Vitamin Biosynthesis
RBK,atp_c + rib__D_c --> adp_c + h_c + r5p_c,Alternative Carbon Metabolism
RDXRr,nadh_c + 2.0 rdxo_c <=> h_c + nad_c + 2.0 rdxr_c,Energy Metabolism
RECOAH10,R_3hnonacoa_c <=> h2o_c + nona2coa_c,Cellular Processes and Storage
RECOAH11,R_3hpdecacoa_c <=> h2o_c + pdca2coa_c,Cellular Processes and Storage
RECOAH12,R_3hpnonacoa_c <=> h2o_c + pnona2coa_c,Cellular Processes and Storage
RECOAH13,R_3hpoctacoa_c <=> h2o_c + pocta2coa_c,Cellular Processes and Storage
RECOAH14,R_3hphpcoa_c <=> h2o_c + php2coa_c,Cellular Processes and Storage
RECOAH15,R_3hphxacoa_c <=> h2o_c + phxa2coa_c,Cellular Processes and Storage
RECOAH16,R_3hpptcoa_c <=> h2o_c + ppt2coa_c,Cellular Processes and Storage
RECOAH17,R_3hpbcoa_c <=> h2o_c + pb2coa_c,Cellular Processes and Storage
RECOAH19,R_3h6athcoa_c <=> 6ath2coa_c + h2o_c,Cellular Processes and Storage
RECOAH2,R_3hhcoa_c <=> h2o_c + hx2coa_c,Cellular Processes and Storage
RECOAH20,R_3h4atbcoa_c <=> 4atb2coa_c + h2o_c,Cellular Processes and Storage
RECOAH21,R_3hcmrs7ecoa_c <=> h2o_c + tde2coa_c,Cellular Processes and Storage
RECOAH22,R_3hcddec5ecoa_c <=> dde2coa_c + h2o_c,Cellular Processes and Storage
RECOAH23,R_3htd5coa_c <=> h2o_c + tded5_2_coa_c,Cellular Processes and Storage
RECOAH24,R_3htd58coa_c <=> h2o_c + td58_2_coa_c,Cellular Processes and Storage
RECOAH25,R_3hdd6coa_c <=> dd6_2_coa_c + h2o_c,Cellular Processes and Storage
RECOAH26,R3hdec4coa_c <=> dec4_2_coa_c + h2o_c,Cellular Processes and Storage
RECOAH3,R_3hocoa_c <=> h2o_c + oc2coa_c,Cellular Processes and Storage
RECOAH4,R_3hdcoa_c <=> dc2coa_c + h2o_c,Cellular Processes and Storage
RECOAH5,R_3hddcoa_c <=> dd2coa_c + h2o_c,Cellular Processes and Storage
RECOAH6,R_3hmrscoa_c <=> h2o_c + td2coa_c,Cellular Processes and Storage
RECOAH7,R_3hhdcoa_c <=> h2o_c + hdd2coa_c,Cellular Processes and Storage
RECOAH8,R_3hptcoa_c <=> h2o_c + pt2coa_c,Cellular Processes and Storage
RECOAH9,R_3hhpcoa_c <=> h2o_c + hp2coa_c,Cellular Processes and Storage
REPHACCOAI,rephaccoa_c <=> 2oxpaccoa_c,Aromatic Compound Degradation
RHA100tex,R_3hdcaa_p <=> R_3hdcaa_e,Transport Systems
RHA100tpp,R_3hdcaa_p <=> R_3hdcaa_c,Transport Systems
RHA101tex,R3hdec4e_p <=> R3hdec4e_e,Transport Systems
RHA101tpp,R3hdec4e_p <=> R3hdec4e_c,Transport Systems
RHA120tex,R_3hdda_p <=> R_3hdda_e,Transport Systems
RHA120tpp,R_3hdda_p <=> R_3hdda_c,Transport Systems
RHA121d6tex,R_3hdd6e_p <=> R_3hdd6e_e,Transport Systems
RHA121d6tpp,R_3hdd6e_p <=> R_3hdd6e_c,Transport Systems
RHA121tex,R_3hdd5ea_p <=> R_3hdd5ea_e,Transport Systems
RHA121tpp,R_3hdd5ea_p <=> R_3hdd5ea_c,Transport Systems
RHA140tex,R_3httdca_p <=> R_3httdca_e,Transport Systems
RHA140tpp,R_3httdca_p <=> R_3httdca_c,Transport Systems
RHA141d5tex,R_3htd5e_p <=> R_3htd5e_e,Transport Systems
RHA141d5tpp,R_3htd5e_p <=> R_3htd5e_c,Transport Systems
RHA141tex,R_3hcmrs7e_p <=> R_3hcmrs7e_e,Transport Systems
RHA141tpp,R_3hcmrs7e_p <=> R_3hcmrs7e_c,Transport Systems
RHA142tex,R_3htd58e_p <=> R_3htd58e_e,Transport Systems
RHA142tpp,R_3htd58e_p <=> R_3htd58e_c,Transport Systems
RHA160tex,R_3hhdca_p <=> R_3hhdca_e,Transport Systems
RHA160tpp,R_3hhdca_p <=> R_3hhdca_c,Transport Systems
RHA40tex,bhb_p <=> bhb_e,Transport Systems
RHA40tpp,bhb_p <=> bhb_c,Transport Systems
RHA50tex,R_3hpt_p <=> R_3hpt_e,Transport Systems
RHA50tpp,R_3hpt_p <=> R_3hpt_c,Transport Systems
RHA60tex,R_3hhxa_p <=> R_3hhxa_e,Transport Systems
RHA60tpp,R_3hhxa_p <=> R_3hhxa_c,Transport Systems
RHA70tex,R_3hhpa_p <=> R_3hhpa_e,Transport Systems
RHA70tpp,R_3hhpa_p <=> R_3hhpa_c,Transport Systems
RHA80tex,R_3hocta_p <=> R_3hocta_e,Transport Systems
RHA80tpp,R_3hocta_p <=> R_3hocta_c,Transport Systems
RHA90tex,R_3hnonaa_p <=> R_3hnonaa_e,Transport Systems
RHA90tpp,R_3hnonaa_p <=> R_3hnonaa_c,Transport Systems
RHACOAE100,R_3hdcoa_c + h2o_c --> R_3hdcaa_c + coa_c + h_c,Cellular Processes and Storage
RHACOAE120,R_3hddcoa_c + h2o_c --> R_3hdda_c + coa_c + h_c,Cellular Processes and Storage
RHACOAE121,R_3hcddec5ecoa_c + h2o_c --> R_3hdd5ea_c + coa_c + h_c,Cellular Processes and Storage
RHACOAE121d6,R_3hdd6coa_c + h2o_c --> R_3hdd6e_c + coa_c + h_c,Cellular Processes and Storage
RHACOAE140,R_3hmrscoa_c + h2o_c --> R_3httdca_c + coa_c + h_c,Cellular Processes and Storage
RHACOAE141,R_3hcmrs7ecoa_c + h2o_c --> R_3hcmrs7e_c + coa_c + h_c,Cellular Processes and Storage
RHACOAE141d5,R_3htd5coa_c + h2o_c --> R_3htd5e_c + coa_c + h_c,Cellular Processes and Storage
RHACOAE142,R_3htd58coa_c + h2o_c --> R_3htd58e_c + coa_c + h_c,Cellular Processes and Storage
RHACOAE160,R_3hhdcoa_c + h2o_c --> R_3hhdca_c + coa_c + h_c,Cellular Processes and Storage
RHACOAE40,3hbcoa__R_c + h2o_c --> bhb_c + coa_c + h_c,Cofactor and Vitamin Biosynthesis
RHACOAE50,R_3hptcoa_c + h2o_c --> R_3hpt_c + coa_c + h_c,Cellular Processes and Storage
RHACOAE60,R_3hhcoa_c + h2o_c --> R_3hhxa_c + coa_c + h_c,Cellular Processes and Storage
RHACOAE70,R_3hhpcoa_c + h2o_c --> R_3hhpa_c + coa_c + h_c,Cellular Processes and Storage
RHACOAE80,R_3hocoa_c + h2o_c --> R_3hocta_c + coa_c + h_c,Cellular Processes and Storage
RHACOAE90,R_3hnonacoa_c + h2o_c --> R_3hnonaa_c + coa_c + h_c,Cellular Processes and Storage
RHACOAEP100,R_3hpdecacoa_c + h2o_c --> R_3hpdeca_c + coa_c + h_c,Cellular Processes and Storage
RHACOAEP101,R3hdec4coa_c + h2o_c --> R3hdec4e_c + coa_c + h_c,Cellular Processes and Storage
RHACOAEP40,R_3hpbcoa_c + h2o_c --> R_3hpba_c + coa_c + h_c,Cellular Processes and Storage
RHACOAEP50,R_3hpptcoa_c + h2o_c --> R_3hppta_c + coa_c + h_c,Cellular Processes and Storage
RHACOAEP60,R_3hphxacoa_c + h2o_c --> R_3hphxa_c + coa_c + h_c,Cellular Processes and Storage
RHACOAEP70,R_3hphpcoa_c + h2o_c --> R_3hphpa_c + coa_c + h_c,Cellular Processes and Storage
RHACOAEP80,R_3hpoctacoa_c + h2o_c --> R_3hpocta_c + coa_c + h_c,Cellular Processes and Storage
RHACOAEP90,R_3hpnonacoa_c + h2o_c --> R_3hpnona_c + coa_c + h_c,Cellular Processes and Storage
RHACOAET40,R_3h4atbcoa_c + h2o_c --> R_3h4atba_c + coa_c + h_c,Cellular Processes and Storage
RHACOAET60,R_3h6athcoa_c + h2o_c --> R_3h6atha_c + coa_c + h_c,Cellular Processes and Storage
RHACOAR100,3odcoa_c + h_c + nadph_c <=> R_3hdcoa_c + nadp_c,Cellular Processes and Storage
RHACOAR101,3odec4coa_c + h_c + nadph_c <=> R3hdec4coa_c + nadp_c,Cellular Processes and Storage
RHACOAR120,3oddcoa_c + h_c + nadph_c <=> R_3hddcoa_c + nadp_c,Cellular Processes and Storage
RHACOAR121d5,3oddccoa_c + h_c + nadph_c <=> R_3hcddec5ecoa_c + nadp_c,Cellular Processes and Storage
RHACOAR121d6,3odd6coa_c + h_c + nadph_c <=> R_3hdd6coa_c + nadp_c,Cellular Processes and Storage
RHACOAR140,3otdcoa_c + h_c + nadph_c <=> R_3hmrscoa_c + nadp_c,Cellular Processes and Storage
RHACOAR141d5,3odd5coa_c + h_c + nadph_c <=> R_3htd5coa_c + nadp_c,Cellular Processes and Storage
RHACOAR141d7,3otdccoa_c + h_c + nadph_c <=> R_3hcmrs7ecoa_c + nadp_c,Cellular Processes and Storage
RHACOAR142,3ohd58coa_c + h_c + nadph_c <=> R_3htd58coa_c + nadp_c,Cellular Processes and Storage
RHACOAR60,3ohcoa_c + h_c + nadph_c <=> R_3hhcoa_c + nadp_c,Cellular Processes and Storage
RHACOAR70,3ohpcoa_c + h_c + nadph_c <=> R_3hhpcoa_c + nadp_c,Cellular Processes and Storage
RHACOAR80,3oocoa_c + h_c + nadph_c <=> R_3hocoa_c + nadp_c,Cellular Processes and Storage
RHACOAR90,3ononacoa_c + h_c + nadph_c <=> R_3hnonacoa_c + nadp_c,Cellular Processes and Storage
RHACOARP100,3opdecacoa_c + h_c + nadph_c <=> R_3hpdecacoa_c + nadp_c,Cellular Processes and Storage
RHACOARP40,3opbcoa_c + h_c + nadph_c <=> R_3hpbcoa_c + nadp_c,Cellular Processes and Storage
RHACOARP50,3opptcoa_c + h_c + nadph_c <=> R_3hpptcoa_c + nadp_c,Cellular Processes and Storage
RHACOARP60,3ophxacoa_c + h_c + nadph_c <=> R_3hphxacoa_c + nadp_c,Cellular Processes and Storage
RHACOARP70,3ophpcoa_c + h_c + nadph_c <=> R_3hphpcoa_c + nadp_c,Cellular Processes and Storage
RHACOARP80,3opoctacoa_c + h_c + nadph_c <=> R_3hpoctacoa_c + nadp_c,Cellular Processes and Storage
RHACOARP90,3opnonacoa_c + h_c + nadph_c <=> R_3hpnonacoa_c + nadp_c,Cellular Processes and Storage
RHACOART60,3o6athcoa_c + h_c + nadph_c <=> R_3h6athcoa_c + nadp_c,Cellular Processes and Storage
RHAP100tex,R_3hpdeca_p <=> R_3hpdeca_e,Transport Systems
RHAP100tpp,R_3hpdeca_p <=> R_3hpdeca_c,Transport Systems
RHAP40tex,R_3hpba_p <=> R_3hpba_e,Transport Systems
RHAP40tpp,R_3hpba_p <=> R_3hpba_c,Transport Systems
RHAP50tex,R_3hppta_p <=> R_3hppta_e,Transport Systems
RHAP50tpp,R_3hppta_p <=> R_3hppta_c,Transport Systems
RHAP60tex,R_3hphxa_p <=> R_3hphxa_e,Transport Systems
RHAP60tpp,R_3hphxa_p <=> R_3hphxa_c,Transport Systems
RHAP70tex,R_3hphpa_p <=> R_3hphpa_e,Transport Systems
RHAP70tpp,R_3hphpa_p <=> R_3hphpa_c,Transport Systems
RHAP80tex,R_3hpocta_p <=> R_3hpocta_e,Transport Systems
RHAP80tpp,R_3hpocta_p <=> R_3hpocta_c,Transport Systems
RHAP90tex,R_3hpnona_p <=> R_3hpnona_e,Transport Systems
RHAP90tpp,R_3hpnona_p <=> R_3hpnona_c,Transport Systems
RHAT40tex,R_3h4atba_p <=> R_3h4atba_e,Transport Systems
RHAT40tpp,R_3h4atba_p <=> R_3h4atba_c,Transport Systems
RHAT60tex,R_3h6atha_p <=> R_3h6atha_e,Transport Systems
RHAT60tpp,R_3h6atha_p <=> R_3h6atha_c,Transport Systems
RHMNT1,gdpdrhmn_c + unaga_c --> gmp_c + rhma13unaga_c,Cell Envelope and Wall Biosynthesis
RHMNT2,2.0 gdpdrhmn_c + rhma13unaga_c --> 3_rhma13unaga_c + 2.0 gmp_c,Cell Envelope and Wall Biosynthesis
RIBabcpp,atp_c + h2o_c + rib__D_p --> adp_c + h_c + pi_c + rib__D_c,Transport Systems
RIBtex,rib__D_e <=> rib__D_p,Transport Systems
RMD,gdpddman_c + h_c + nadph_c --> gdpdrhmn_c + nadp_c,Cellular Processes and Storage
RNDR1,adp_c + trdrd_c --> dadp_c + h2o_c + trdox_c,Nucleotide Metabolism
RNDR2,gdp_c + trdrd_c --> dgdp_c + h2o_c + trdox_c,Nucleotide Metabolism
RNDR3,cdp_c + trdrd_c --> dcdp_c + h2o_c + trdox_c,Nucleotide Metabolism
RNDR4,trdrd_c + udp_c --> dudp_c + h2o_c + trdox_c,Nucleotide Metabolism
RPE,ru5p__D_c <=> xu5p__D_c,Central Carbon Metabolism
RPI,r5p_c <=> ru5p__D_c,Central Carbon Metabolism
RZ5PP,5prdmbz_c + h2o_c --> pi_c + rdmbzi_c,Cofactor and Vitamin Biosynthesis
S7PI,s7p_c --> gmhep7p_c,Cell Envelope and Wall Biosynthesis
SADH,2.0 h2o_c + 2.0 h_c + sucarg_c --> co2_c + 2.0 nh4_c + sucorn_c,Amino Acid Metabolism
SADT,atp_c + h_c + so4_c --> aps_c + ppi_c,Metal and Inorganic Metabolism
SARCOX,h2o_c + o2_c + sarcs_c --> fald_c + gly_c + h2o2_c,Nitrogen Metabolism
SARCOX2,o2_c + sarcs_c + thf_c --> gly_c + h2o2_c + mlthf_c,Nitrogen Metabolism
sbo3rt2pp,h_p + sbo3_p --> h_c + sbo3_c,Transport Systems
sbo3t2pp,h_p + sbo3_c --> h_c + sbo3_p,Transport Systems
sbo3tex,sbo3_e <=> sbo3_p,Transport Systems
SCYSDS,cys__L_c + sufse_c --> ala__L_c + sufsesh_c,Cofactor and Vitamin Biosynthesis
SCYSSL,2.0 gthrd_c + scys__L_c <=> cys__L_c + gthox_c + h_c + so3_c,Amino Acid Metabolism
SDPDS,h2o_c + sl26da_c --> 26dap_LL_c + succ_c,Amino Acid Metabolism
SDPTA,akg_c + sl26da_c <=> glu__L_c + sl2a6o_c,Amino Acid Metabolism
SELADT,atp_c + h_c + sel_c --> adsel_c + ppi_c,Metal and Inorganic Metabolism
SELCYSS,selnp_c + sertrna_sec_c --> h_c + pi_c + sectrna_c,Cellular Processes and Storage
SELGTHR,4.0 gthrd_c + 2.0 h_c + slnt_c --> dgslnt_c + gthox_c + 3.0 h2o_c,Metal and Inorganic Metabolism
SELGTHR2,dgslnt_c + h_c + nadph_c --> gslnt_c + gthrd_c + nadp_c,Metal and Inorganic Metabolism
SELGTHR3,gslnt_c + nadph_c --> gthrd_c + nadp_c + seln_c,Metal and Inorganic Metabolism
SELMETAT,atp_c + h2o_c + selmeth_c --> pi_c + ppi_c + seasmet_c,Amino Acid Metabolism
SELNPS,atp_c + h2o_c + seln_c --> amp_c + pi_c + selnp_c,Metal and Inorganic Metabolism
SELabcpp,atp_c + h2o_c + sel_p --> adp_c + h_c + pi_c + sel_c,Transport Systems
SELtex,sel_e <=> sel_p,Transport Systems
SERAT,accoa_c + ser__L_c <=> acser_c + coa_c,Amino Acid Metabolism
SERD_L,ser__L_c --> nh4_c + pyr_c,Amino Acid Metabolism
SERTRS,atp_c + ser__L_c + trnaser_c --> amp_c + ppi_c + sertrna_c,Cellular Processes and Storage
SERTRS2,atp_c + ser__L_c + trnasecys_c --> amp_c + ppi_c + sertrna_sec_c,Cellular Processes and Storage
SERt2rpp,h_p + ser__L_p <=> h_c + ser__L_c,Transport Systems
SERt4pp,na1_p + ser__L_p --> na1_c + ser__L_c,Transport Systems
SERtex,ser__L_e <=> ser__L_p,Transport Systems
SFGTHi,Sfglutth_c + h2o_c --> for_c + gthrd_c + h_c,Cellular Processes and Storage
SGDS,h2o_c + sucglu_c --> glu__L_c + succ_c,Amino Acid Metabolism
SGSAD,h2o_c + nad_c + sucgsa_c --> 2.0 h_c + nadh_c + sucglu_c,Amino Acid Metabolism
SHCHD2,dscl_c + nad_c --> h_c + nadh_c + scl_c,Cofactor and Vitamin Biosynthesis
SHCHF,fe2_c + scl_c --> 3.0 h_c + sheme_c,Cofactor and Vitamin Biosynthesis
SHEME2abcpp,atp_c + h2o_c + sheme_p --> adp_c + h_c + pi_c + sheme_c,Transport Systems
SHEMEtonex,h_p + sheme_e --> h_c + sheme_p,Transport Systems
SHK3Dr,3dhsk_c + h_c + nadph_c <=> nadp_c + skm_c,Amino Acid Metabolism
SHKK,atp_c + skm_c --> adp_c + h_c + skm5p_c,Amino Acid Metabolism
SHSL1,cys__L_c + suchms_c --> cyst__L_c + h_c + succ_c,Amino Acid Metabolism
SHSL2r,h2s_c + suchms_c --> h_c + hcys__L_c + succ_c,Amino Acid Metabolism
SKMt2pp,h_p + skm_p --> h_c + skm_c,Transport Systems
SKMtex,skm_e <=> skm_p,Transport Systems
SO2tex,so2_e <=> so2_p,Transport Systems
SO2tpp,so2_p <=> so2_c,Transport Systems
SO3abcpp,atp_c + h2o_c + so3_p --> adp_c + h_c + pi_c + so3_c,Transport Systems
SO3tex,so3_e <=> so3_p,Transport Systems
SO4t2pp,h_p + so4_p --> h_c + so4_c,Transport Systems
SO4t4pp_1,na1_p + so4_p --> na1_c + so4_c,Transport Systems
SO4tex,so4_e <=> so4_p,Transport Systems
SOTA,akg_c + sucorn_c --> glu__L_c + sucgsa_c,Amino Acid Metabolism
SPMDabcpp,atp_c + h2o_c + spmd_p --> adp_c + h_c + pi_c + spmd_c,Transport Systems
SPMDtex,spmd_e <=> spmd_p,Transport Systems
SPODM,2.0 h_c + 2.0 o2s_c --> h2o2_c + o2_c,Energy Metabolism
SSALx,h2o_c + nad_c + sucsal_c --> 2.0 h_c + nadh_c + succ_c,Amino Acid Metabolism
SSALy,h2o_c + nadp_c + sucsal_c --> 2.0 h_c + nadph_c + succ_c,Amino Acid Metabolism
SUCCt2_2pp,2.0 h_p + succ_p --> 2.0 h_c + succ_c,Transport Systems
SUCCtex,succ_e <=> succ_p,Transport Systems
SUCD4,fadh2_c + q8_c <=> fad_c + q8h2_c,Fatty Acid and Lipid Metabolism
SUCDi,q8_c + succ_c --> fum_c + q8h2_c,Central Carbon Metabolism
SUCOAS,atp_c + coa_c + succ_c <=> adp_c + pi_c + succoa_c,Central Carbon Metabolism
SULFACabcpp,atp_c + h2o_c + sulfac_p --> adp_c + h_c + pi_c + sulfac_c,Transport Systems
SULFACtex,sulfac_e <=> sulfac_p,Transport Systems
SULR,5.0 h_c + 3.0 nadph_c + so3_c --> 3.0 h2o_c + h2s_c + 3.0 nadp_c,Metal and Inorganic Metabolism
SULabcpp,atp_c + h2o_c + so4_p --> adp_c + h_c + pi_c + so4_c,Transport Systems
T2DECAI,tdec2eACP_c <=> cdec3eACP_c,Fatty Acid and Lipid Metabolism
T4HCINNMtex,T4hcinnm_e <=> T4hcinnm_p,Transport Systems
T4HCINNMtpp,T4hcinnm_p <=> T4hcinnm_c,Transport Systems
TAGLIPA160ex,h2o_e + tag160_e --> 12dgr160_e + h_e + hdca_e,Fatty Acid and Lipid Metabolism
TAGLIPA180ex,h2o_e + tag180_e --> 12dgr180_e + h_e + ocdca_e,Fatty Acid and Lipid Metabolism
TAGLIPA181d9ex,h2o_e + tag181d9_e --> dag181d9_e + h_e + ocdcea_e,Fatty Acid and Lipid Metabolism
TAGLIPA182d9d12,h2o_e + tag182d9d12_e --> dag182d9d12_e + h_e + lnlc_e,Fatty Acid and Lipid Metabolism
TALA,g3p_c + s7p_c <=> e4p_c + f6p_c,Central Carbon Metabolism
TAUDO,akg_c + o2_c + taur_c --> aacald_c + co2_c + h_c + so3_c + succ_c,Metal and Inorganic Metabolism
TAURabcpp,atp_c + h2o_c + taur_p --> adp_c + h_c + pi_c + taur_c,Transport Systems
TAURtex,taur_e <=> taur_p,Transport Systems
TCYNTtex,tcynt_e <=> tcynt_p,Transport Systems
TCYNTtpp,tcynt_p <=> tcynt_c,Transport Systems
CTECOAI6,tdecoa_c --> td2coa_c,Fatty Acid and Lipid Metabolism
TDP,h2o_c + thmpp_c --> h_c + pi_c + thmmp_c,Cofactor and Vitamin Biosynthesis
TDPDRE,dtdp4d6dg_c --> dtdp4d6dm_c,Cellular Processes and Storage
TDPDRR,dtdp4d6dm_c + h_c + nadph_c --> dtdprmn_c + nadp_c,Cellular Processes and Storage
TDPGDH,dtdpglu_c --> dtdp4d6dg_c + h2o_c,Cellular Processes and Storage
TDSK2,atp_c + lipidAds_kt_c --> adp_c + h_c + lipidA_kt_c,Cell Envelope and Wall Biosynthesis
TDSR1,dsbcox_p + dsbdrd_c --> dsbcrd_p + dsbdox_c,Energy Metabolism
TDSR2,dsbdrd_c + dsbgox_p --> dsbdox_c + dsbgrd_p,Energy Metabolism
TGTASE1,preq1_c + trnahis_c --> gua_c + trnahis_preq34_c,Cofactor and Vitamin Biosynthesis
TGTASE2,preq1_c + trnatyr_c --> gua_c + trnatyr_preq34_c,Cofactor and Vitamin Biosynthesis
TGTASE3,preq1_c + trnaasp_c --> gua_c + trnaasp_preq34_c,Cofactor and Vitamin Biosynthesis
THD2pp,2.0 h_p + nadh_c + nadp_c --> 2.0 h_c + nad_c + nadph_c,Energy Metabolism
THDPS,h2o_c + succoa_c + thdp_c --> coa_c + sl2a6o_c,Amino Acid Metabolism
THFAT,h2o_c + methf_c --> 5fthf_c + h_c,Cofactor and Vitamin Biosynthesis
THIORDXi,h2o2_c + trdrd_c --> 2.0 h2o_c + trdox_c,Energy Metabolism
THRA2r,athr__L_c <=> acald_c + gly_c,Amino Acid Metabolism
THRAr,thr__L_c <=> acald_c + gly_c,Amino Acid Metabolism
THRS,h2o_c + phom_c --> pi_c + thr__L_c,Amino Acid Metabolism
THRTRS,atp_c + thr__L_c + trnathr_c --> amp_c + ppi_c + thrtrna_c,Cellular Processes and Storage
THRabcpp,atp_c + h2o_c + thr__L_p --> adp_c + h_c + pi_c + thr__L_c,Transport Systems
THRt2pp,h_p + thr__L_c --> h_c + thr__L_p,Transport Systems
THRt4pp,na1_p + thr__L_p --> na1_c + thr__L_c,Transport Systems
THRtex,thr__L_e <=> thr__L_p,Transport Systems
THYMt4pp,h_p + thym_p --> h_c + thym_c,Transport Systems
THYMtex,thym_e <=> thym_p,Transport Systems
THZPSN,atp_c + cys__L_c + dxyl5p_c + tyr__L_c --> 4hba_c + 4mpetz_c + ala__L_c + amp_c + co2_c + h2o_c + h_c + ppi_c,Cofactor and Vitamin Biosynthesis
TKT1,r5p_c + xu5p__D_c <=> g3p_c + s7p_c,Central Carbon Metabolism
TKT2,e4p_c + xu5p__D_c <=> f6p_c + g3p_c,Central Carbon Metabolism
TMDS,dump_c + mlthf_c --> dhf_c + dtmp_c,Nucleotide Metabolism
TMPK,atp_c + thmmp_c --> adp_c + thmpp_c,Cofactor and Vitamin Biosynthesis
TMPPP,2mahmp_c + 4mpetz_c + h_c --> ppi_c + thmmp_c,Cofactor and Vitamin Biosynthesis
TNTHAC1,4hadnt_c + tntmdh_c --> 35dnta_c + h2o_c + no2_c,Stress Response and Environmental Adaptation
TNTHAC2,2hadnt_c + tntmdh_c --> 2m35mdntha_c + h2o_c + no2_c,Stress Response and Environmental Adaptation
TNTR1,h_c + 2.0 nadph_c + tnt_c --> 4hadnt_c + h2o_c + 2.0 nadp_c,Stress Response and Environmental Adaptation
TNTR1x,h_c + 2.0 nadh_c + tnt_c --> 4hadnt_c + h2o_c + 2.0 nad_c,Stress Response and Environmental Adaptation
TNTR2,h_c + 2.0 nadph_c + tnt_c --> 2hadnt_c + h2o_c + 2.0 nadp_c,Stress Response and Environmental Adaptation
TNTR2x,h_c + 2.0 nadh_c + tnt_c --> 2hadnt_c + h2o_c + 2.0 nad_c,Stress Response and Environmental Adaptation
TNTR3,h_c + nadph_c + 2.0 tnt_c --> nadp_c + 2.0 tntmmh_c,Stress Response and Environmental Adaptation
TNTR4,h_c + nadph_c + 2.0 tntmmh_c --> nadp_c + 2.0 tntmdh_c,Stress Response and Environmental Adaptation
TNTep,h_p + tnt_c --> h_c + tnt_e,Stress Response and Environmental Adaptation
TNTtex,tnt_e --> tnt_p,Transport Systems
TNTtpp,tnt_p --> tnt_c,Transport Systems
TOLt5,h_p + tol_c --> h_c + tol_e,Transport Systems
TOLt6,h_p + tol_p --> h_c + tol_e,Transport Systems
TOLt7,h_p + tol_c --> h_c + tol_p,Transport Systems
TOLtex,tol_e <=> tol_p,Transport Systems
TOLtpp,tol_p --> tol_c,Transport Systems
TPI,dhap_c <=> g3p_c,Central Carbon Metabolism
TRDR,h_c + nadph_c + trdox_c --> nadp_c + trdrd_c,Nucleotide Metabolism
TRPS1,3ig3p_c + ser__L_c --> g3p_c + h2o_c + trp__L_c,Amino Acid Metabolism
TRPS2,indole_c + ser__L_c --> h2o_c + trp__L_c,Amino Acid Metabolism
TRPS3,3ig3p_c --> g3p_c + indole_c,Amino Acid Metabolism
TRPTRS,atp_c + trnatrp_c + trp__L_c --> amp_c + ppi_c + trptrna_c,Cellular Processes and Storage
TRPt2rpp,h_p + trp__L_p <=> h_c + trp__L_c,Transport Systems
TRPtex,trp__L_e <=> trp__L_p,Transport Systems
TRSARr,2h3oppan_c + h_c + nadh_c <=> glyc__R_c + nad_c,Central Carbon Metabolism
TRYPTAOX,h2o_c + o2_c + trypta_c --> h2o2_c + id3acald_c + nh4_c,Stress Response and Environmental Adaptation
TSULabcpp,atp_c + h2o_c + tsul_p --> adp_c + h_c + pi_c + tsul_c,Transport Systems
TSULtex,tsul_e <=> tsul_p,Transport Systems
TTDCAtexi,ttdca_e --> ttdca_p,Transport Systems
TTDCEAtexi,ttdcea_e --> ttdcea_p,Transport Systems
TTRCYCt2pp,h_p + ttrcyc_p --> h_c + ttrcyc_c,Transport Systems
TTRCYCt5,h_p + ttrcyc_c --> h_c + ttrcyc_e,Transport Systems
TTRCYCt7pp,h_p + ttrcyc_c --> h_c + ttrcyc_p,Transport Systems
TTRCYCtex,ttrcyc_e <=> ttrcyc_p,Transport Systems
TTRCYCtpp,h_p + ttrcyc_p --> h_c + ttrcyc_e,Transport Systems
TUNGSabcpp,atp_c + h2o_c + tungs_p --> adp_c + h_c + pi_c + tungs_c,Transport Systems
TUNGStex,tungs_e <=> tungs_p,Transport Systems
TYRTA,akg_c + tyr__L_c <=> 34hpp_c + glu__L_c,Aromatic Compound Degradation
TYRTRS,atp_c + trnatyr_c + tyr__L_c --> amp_c + ppi_c + tyrtrna_c,Cellular Processes and Storage
TYRt2rpp,h_p + tyr__L_p <=> h_c + tyr__L_c,Transport Systems
TYRtex,tyr__L_e <=> tyr__L_p,Transport Systems
U23GAAT2,3hddecACP_c + u3dcga_c --> ACP_c + h_c + u23dddcga_c,Nitrogen Metabolism
UAAGDS,26dap__M_c + atp_c + uamag_c --> adp_c + h_c + pi_c + ugmd_c,Cell Envelope and Wall Biosynthesis
UACGAMDH2,uacgam_c --> h2o_c + ukquivo_c,Cell Envelope and Wall Biosynthesis
UAG2E,uacgam_c <=> uacmam_c,Cell Envelope and Wall Biosynthesis
UAGAAT2,3hdecACP_c + uacgam_c <=> ACP_c + u3dcaga_c,Nitrogen Metabolism
UAGCVT,pep_c + uacgam_c --> pi_c + uaccg_c,Cell Envelope and Wall Biosynthesis
UAGDP,acgam1p_c + h_c + utp_c --> ppi_c + uacgam_c,Cell Envelope and Wall Biosynthesis
UAGPT3,uacgam_c + uagmda_c --> h_c + uaagmda_c + udp_c,Cell Envelope and Wall Biosynthesis
UAMAGS,atp_c + glu__D_c + uama_c --> adp_c + h_c + pi_c + uamag_c,Cell Envelope and Wall Biosynthesis
UAMAS,ala__L_c + atp_c + uamr_c --> adp_c + h_c + pi_c + uama_c,Cell Envelope and Wall Biosynthesis
UAPGR,h_c + nadph_c + uaccg_c --> nadp_c + uamr_c,Cell Envelope and Wall Biosynthesis
UDCPDP,h2o_c + udcpdp_c --> h_c + pi_c + udcpp_c,Cell Envelope and Wall Biosynthesis
UDCPDPS,frdp_c + 8.0 ipdp_c --> 8.0 ppi_c + udcpdp_c,Cofactor and Vitamin Biosynthesis
UDCPDPpp,h2o_p + udcpdp_p --> h_p + pi_p + udcpp_p,Cell Envelope and Wall Biosynthesis
UDCPGT,udcpp_c + udpgal_c --> udcpg_c + ump_c,Alternative Carbon Metabolism
UDCPPtppi,udcpp_p --> udcpp_c,Cell Envelope and Wall Biosynthesis
UDPG4E,udpg_c <=> udpgal_c,Cell Envelope and Wall Biosynthesis
UGLYCH,h2o_c + 2.0 h_c + urdglyc_c --> co2_c + glx_c + 2.0 nh4_c,Nucleotide Metabolism
UGMDDS,alaala_c + atp_c + ugmd_c --> adp_c + h_c + pi_c + ugmda_c,Cell Envelope and Wall Biosynthesis
UHBZ1t_pp_,4hbz_p + h_p <=> 4hbz_c + h_c,Transport Systems
UHGADA2,h2o_c + u3dcaga_c --> ac_c + u3dcga_c,Nitrogen Metabolism
UKQUIVORx,h_c + nadh_c + ukquivo_c --> nad_c + uquivo_c,Cell Envelope and Wall Biosynthesis
UKQUIVORy,h_c + nadph_c + ukquivo_c --> nadp_c + uquivo_c,Cell Envelope and Wall Biosynthesis
UM3PL,LalaDgluMdap_c + atp_c + uamr_c --> adp_c + h_c + pi_c + ugmd_c,Cell Envelope and Wall Biosynthesis
UM4PCP,h2o_c + um4p_c --> ala__D_c + ugmd_c,Cell Envelope and Wall Biosynthesis
UM4PL,LalaDgluMdapDala_c + atp_c + uamr_c --> adp_c + h_c + pi_c + um4p_c,Cell Envelope and Wall Biosynthesis
UMPK,atp_c + ump_c <=> adp_c + udp_c,Nucleotide Metabolism
UNK3,2kmb_c + glu__L_c --> akg_c + met__L_c,Nitrogen Metabolism
UPP3MT,2.0 amet_c + uppg3_c --> 2.0 ahcys_c + dscl_c + h_c,Cofactor and Vitamin Biosynthesis
UPP3S,hmbil_c --> h2o_c + uppg3_c,Cofactor and Vitamin Biosynthesis
UPPDC1,4.0 h_c + uppg3_c --> 4.0 co2_c + cpppg3_c,Cofactor and Vitamin Biosynthesis
UPPN,cala_c + h2o_c + 2.0 h_c --> ala_B_c + co2_c + nh4_c,Nucleotide Metabolism
UPPRT,prpp_c + ura_c --> ppi_c + ump_c,Nucleotide Metabolism
UQUIVOT,udcpp_c + uquivo_c --> ump_c + unquivo_c,Cell Envelope and Wall Biosynthesis
URAt2pp,h_p + ura_p --> h_c + ura_c,Transport Systems
URAtex,ura_e <=> ura_p,Transport Systems
URCN,h2o_c + urcan_c --> 4izp_c,Amino Acid Metabolism
UREA,h2o_c + 2.0 h_c + urea_c --> co2_c + 2.0 nh4_c,Amino Acid Metabolism
UREA2t2pp,2.0 h_p + urea_p --> 2.0 h_c + urea_c,Transport Systems
UREAabcpp,atp_c + h2o_c + urea_p --> adp_c + h_c + pi_c + urea_c,Transport Systems
UREAtex,urea_e <=> urea_p,Transport Systems
UREAtpp,urea_p <=> urea_c,Transport Systems
URO_c,h2o_c + o2_c + urate_c --> 5hiu_c + h2o2_c + h_c,Nucleotide Metabolism
URIDK2r,atp_c + dump_c <=> adp_c + dudp_c,Nucleotide Metabolism
URIH,h2o_c + uri_c --> rib__D_c + ura_c,Nucleotide Metabolism
URIt2rpp,h_p + uri_p <=> h_c + uri_c,Transport Systems
URItex,uri_e <=> uri_p,Transport Systems
USHD1,h2o_c + u23dddcga_c --> 2.0 h_c + lipidX_kt_c + ump_c,Cell Envelope and Wall Biosynthesis
VACCtex,vacc_e --> vacc_p,Transport Systems
VALDHr,h2o_c + nad_c + val__L_c <=> 3mob_c + h_c + nadh_c + nh4_c,Amino Acid Metabolism
VALTA,akg_c + val__L_c <=> 3mob_c + glu__L_c,Amino Acid Metabolism
VALTRS,atp_c + trnaval_c + val__L_c --> amp_c + ppi_c + valtrna_c,Nucleotide Metabolism
VALabcpp,atp_c + h2o_c + val__L_p --> adp_c + h_c + pi_c + val__L_c,Transport Systems
VALt2rpp,h_p + val__L_p <=> h_c + val__L_c,Transport Systems
VALtex,val__L_e <=> val__L_p,Transport Systems
VANKpp,h_p + vanlt_p <=> h_c + vanlt_c,Transport Systems
VANLNtex,vanln_e <=> vanln_p,Transport Systems
VANLTtex,vanlt_e <=> vanlt_p,Transport Systems
VCOAD,fad_c + ptcoa_c <=> fadh2_c + pt2coa_c,Fatty Acid and Lipid Metabolism
VECOAH,3hptcoa_c <=> h2o_c + pt2coa_c,Fatty Acid and Lipid Metabolism
VNDH,h2o_c + nad_c + vanln_c --> 2.0 h_c + nadh_c + vanlt_c,Aromatic Compound Degradation
VNDH_2,4hbald_c + h2o_c + nad_c --> 4hbz_c + 2.0 h_c + nadh_c,Aromatic Compound Degradation
VNDH_3,34dhbald_c + h2o_c + nad_c --> 34dhbz_c + 2.0 h_c + nadh_c,Aromatic Compound Degradation
VNLNpp,h_p + vanln_p <=> h_c + vanln_c,Transport Systems
VNTDM,h_c + nadh_c + o2_c + vanlt_c --> 34dhbz_c + fald_c + h2o_c + nad_c,Aromatic Compound Degradation
WCOS,2.0 h_c + mptamp_c + tungs_c --> amp_c + cu2_c + h2o_c + wco_c,Cofactor and Vitamin Biosynthesis
XAND,h2o_c + nad_c + xan_c --> h_c + nadh_c + urate_c,Nucleotide Metabolism
XANt2pp,h_p + xan_p --> h_c + xan_c,Transport Systems
XANtex,xan_e <=> xan_p,Transport Systems
XMO,h_c + nadh_c + o2_c + tol_c --> bzalc_c + h2o_c + nad_c,Aromatic Compound Degradation
XPPT,prpp_c + xan_c --> ppi_c + xmp_c,Nucleotide Metabolism
XTSNH,h2o_c + xtsn_c --> rib__D_c + xan_c,Nucleotide Metabolism
ZN2abcpp,atp_c + h2o_c + zn2_c --> adp_c + h_c + pi_c + zn2_p,Metal and Inorganic Metabolism
ZN2t3pp,h_p + zn2_c --> h_c + zn2_p,Metal and Inorganic Metabolism
ZN2t4pp,h_p + k_p + zn2_c --> h_c + k_c + zn2_p,Metal and Inorganic Metabolism
ZN2t5,h_p + zn2_c --> h_c + zn2_e,Metal and Inorganic Metabolism
ZN2t6,h_p + zn2_p --> h_c + zn2_e,Metal and Inorganic Metabolism
ZNabcpp,atp_c + h2o_c + zn2_p --> adp_c + h_c + pi_c + zn2_c,Transport Systems
Zn2tex,zn2_e <=> zn2_p,Transport Systems
pentso3abcpp,atp_c + h2o_c + pentso3_p --> adp_c + h_c + pentso3_c + pi_c,Transport Systems
sink_PHAg,PHAg_c <=> ,Transport Systems
sink_pqqA_kt_c_,pqqA_kt_c <-- ,Transport Systems
CMS,2me4p_c + ctp_c --> 4c2me_c + ppi_c,Amino Acid Metabolism
PRAI,pran_c --> 2cpr5p_c,Amino Acid Metabolism
SERH,3ig3p_c + ser__L_c --> g3p_c + h2o_c + trp__L_c,Amino Acid Metabolism
TAURabc,atp_c + h2o_c + taur_e --> adp_c + h_c + pi_c + taur_c,Transport Systems
NI2abcpp,atp_c + h2o_c + ni2_c --> adp_c + h_c + ni2_p + pi_c,Transport Systems
AGPOP,dgdp_c + h_c + pep_c --> dgtp_c + pyr_c,Central Carbon Metabolism
GALh,atp_c + glu__L_c + nh4_c --> adp_c + gln__L_c + h_c + pi_c,Amino Acid Metabolism
PIabc,atp_c + h2o_c + pi_e --> adp_c + h_c + 2.0 pi_c,Transport Systems
DHAD_3mob_h,23dhmb_c --> 3mob_c + h2o_c,Alternative Carbon Metabolism
DMALRED,fad_c + mal__L_c --> fadh2_c + oaa_c,Central Carbon Metabolism
PRICIh,prfp_c --> prlp_c,Amino Acid Metabolism
PTRCabc,atp_c + h2o_c + ptrc_e --> adp_c + h_c + pi_c + ptrc_c,Transport Systems
PRACHh,h2o_c + prbamp_c --> prfp_c,Nucleotide Metabolism
DHQTi,3dhq_c --> 3dhsk_c + h2o_c,Amino Acid Metabolism
PRAISh,5aizc_c + asp__L_c + atp_c --> 25aics_c + adp_c + h_c + pi_c,Central Carbon Metabolism
G5DHx,glu5p_c + h_c + nadph_c <=> glu5sa_c + nadp_c + pi_c,Amino Acid Metabolism
CTPS1,atp_c + nh4_c + utp_c --> adp_c + ctp_c + 2.0 h_c + pi_c,Nucleotide Metabolism
HEMEti,atp_c + h2o_c + pheme_e --> adp_c + h_c + pheme_c + pi_c,Transport Systems
FOMETRi,5fthf_c + h_c --> h2o_c + methf_c,Cofactor and Vitamin Biosynthesis
HDH,h2o_c + histd_c + 2.0 nad_c --> 4.0 h_c + his__L_c + 2.0 nadh_c,Amino Acid Metabolism
PSCIT,pep_c + skm5p_c --> 3psme_c + pi_c,Amino Acid Metabolism
ADD,ade_c + h2o_c + h_c --> hxan_c + nh4_c,Nucleotide Metabolism
APPAT,atp_c + 2.0 h_c + pan4p_c --> dpcoa_c + ppi_c,Cofactor and Vitamin Biosynthesis
VALTLh,atp_c + trnaval_c + val__L_c --> amp_c + ppi_c + valtrna_c,Cellular Processes and Storage
EAR121x,h_c + nadh_c + t3c5ddeceACP_c --> cddec5eACP_c + nad_c,Fatty Acid and Lipid Metabolism
MOBDabc,atp_c + h2o_c + mobd_e --> adp_c + h_c + mobd_c + pi_c,Transport Systems
ARGDI,arg__L_c + h2o_c + h_c --> citr__L_c + nh4_c,Amino Acid Metabolism
TAL,thr__L_c --> 2obut_c + nh4_c,Amino Acid Metabolism
IDPh,h2o_c + ppi_c --> 2.0 pi_c,Cellular Processes and Storage
MAN1PT,gtp_c + h_c + man1p_c --> gdpmann_c + ppi_c,Alternative Carbon Metabolism
MCS,2p4c2me_c --> 2mecdp_c + cmp_c,Amino Acid Metabolism
PPRGL,atp_c + gly_c + pram_c --> adp_c + gar_c + 2.0 h_c + pi_c,Nucleotide Metabolism
SULabc,atp_c + h2o_c + so4_e --> adp_c + h_c + pi_c + so4_c,Transport Systems
FACOAL100p,atp_c + coa_c + dca_c --> amp_c + dcacoa_c + ppi_c,Cofactor and Vitamin Biosynthesis
GCL,atp_c + cys__L_c + glu__L_c --> adp_c + glucys_c + h_c + pi_c,Amino Acid Metabolism
NDP8,dudp_c + h2o_c --> dump_c + h_c + pi_c,Nucleotide Metabolism
AKGDb,coa_c + sdhlam_c --> dhlam_c + succoa_c,Central Carbon Metabolism
SAT,accoa_c + ser__L_c --> acser_c + coa_c,Amino Acid Metabolism
13PPDH2,h_c + lald__L_c + nadph_c <=> 13ppd_c + nadp_c,Cofactor and Vitamin Biosynthesis
2HESR,dtgcl_c + 2.0 gthrd_c --> gthox_c + 2.0 mercpeth_c,Alternative Carbon Metabolism
3HPTNCOAR,3hptcoa_c + nadp_c --> 3oxptcoa_c + h_c + nadph_c,Fatty Acid and Lipid Metabolism
3PEPTabcpp,LalaDgluMdap_p + atp_c + h2o_c --> LalaDgluMdap_c + adp_c + h_c + pi_c,Cell Envelope and Wall Biosynthesis
4HPTNCOAK,4hptcoa_c + atp_c --> 4poptcoa_c + adp_c + h_c,Alternative Carbon Metabolism
4HPTNCOAL,4hptn_c + atp_c + coa_c --> 4hptcoa_c + amp_c + ppi_c,Alternative Carbon Metabolism
4HPTNtex,4hptn_e <=> 4hptn_p,Transport Systems
4HPTNtpp,4hptn_p + na1_p --> 4hptn_c + na1_c,Transport Systems
4OXPTCOADHx,4oxptcoa_c + h_c + nadh_c --> 4hptcoa_c + nad_c,Alternative Carbon Metabolism
4OXPTCOADHy,4oxptcoa_c + h_c + nadph_c --> 4hptcoa_c + nadp_c,Alternative Carbon Metabolism
4OXPTNtex,4oxptn_e <=> 4oxptn_p,Transport Systems
4OXPTNtpp,4oxptn_p + na1_p --> 4oxptn_c + na1_c,Transport Systems
4PEPTabcpp,LalaDgluMdapDala_p + atp_c + h2o_c --> LalaDgluMdapDala_c + adp_c + h_c + pi_c,Cell Envelope and Wall Biosynthesis
4POPCOAM,4poptcoa_c --> 3ptcoa_c + pi_c,Alternative Carbon Metabolism
4POPCOAM2,3ptcoa_c <=> 2ptcoa_c,Alternative Carbon Metabolism
4POPCOAM3,2ptcoa_c + h2o_c --> 3hptcoa_c,Alternative Carbon Metabolism
ACMTSOXINtex,acmtsoxin_e <=> acmtsoxin_p,Transport Systems
ACMTSOXINtpp,acmtsoxin_p <=> acmtsoxin_c,Transport Systems
ACPHPHITRNtex,acpptrn_e <=> acpptrn_p,Transport Systems
ACPHPHITRNtpp,acpptrn_p <=> acpptrn_c,Transport Systems
ALDD2y,acald_c + h2o_c + nadp_c --> ac_c + 2.0 h_c + nadph_c,Alternative Carbon Metabolism
ALDD3y2,h2o_c + nadp_c + ppal_c --> 2.0 h_c + nadph_c + ppa_c,Cofactor and Vitamin Biosynthesis
AMALT1,malt_c + malttr_c <=> glc__D_c + maltttr_c,Alternative Carbon Metabolism
ARGR,arg__L_c <=> arg__D_c,Amino Acid Metabolism
BVMO1,h_c + n2one_c + nadph_c + o2_c --> h2o_c + hpac_c + nadp_c,Fatty Acid and Lipid Metabolism
BVMO2,d2one_c + h_c + nadph_c + o2_c --> h2o_c + nadp_c + ocac_c,Fatty Acid and Lipid Metabolism
BVMO3,d3one_c + h_c + nadph_c + o2_c --> 0.5 ethoc_c + h2o_c + 0.5 hpppa_c + nadp_c,Fatty Acid and Lipid Metabolism
BVMO4,d4one_c + h_c + nadph_c + o2_c --> h2o_c + hxbut_c + nadp_c,Fatty Acid and Lipid Metabolism
BVMO5,h_c + nadph_c + o2_c + und2one_c --> h2o_c + 0.22 methdca_c + nadp_c + 0.78 nnac_c,Fatty Acid and Lipid Metabolism
CHLPi,cholp_c + h2o_c --> chol_c + pi_c,Cellular Processes and Storage
CURR,cur_c + h_c + nadph_c --> dhcur_c + nadp_c,Alternative Carbon Metabolism
D2ONEtex,d2one_e <=> d2one_p,Transport Systems
D2ONEtpp,d2one_p <=> d2one_c,Transport Systems
D3ONEtex,d3one_e <=> d3one_p,Transport Systems
D3ONEtpp,d3one_p <=> d3one_c,Transport Systems
D4ONEtex,d4one_e <=> d4one_p,Transport Systems
D4ONEtpp,d4one_p <=> d4one_c,Transport Systems
DHCURR,dhcur_c + h_c + nadph_c --> nadp_c + thcur_c,Alternative Carbon Metabolism
ETHPi,ethamp_c + h2o_c --> etha_c + pi_c,Alternative Carbon Metabolism
EX_4hptn_e,4hptn_e --> ,Transport Systems
EX_4oxptn_e,4oxptn_e --> ,Transport Systems
EX_acmtsoxin_e,acmtsoxin_e <=> ,Transport Systems
EX_acpptrn_e,acpptrn_e <=> ,Transport Systems
EX_d2one_e,d2one_e <=> ,Transport Systems
EX_d3one_e,d3one_e <=> ,Transport Systems
EX_d4one_e,d4one_e <=> ,Transport Systems
EX_mtsoxin_e,mtsoxin_e <=> ,Transport Systems
EX_n2one_e,n2one_e <=> ,Transport Systems
EX_pptrn_e,pptrn_e <=> ,Transport Systems
EX_und2one_e,und2one_e <=> ,Transport Systems
GAPDi_nadp,g3p_c + nadp_c + pi_c <=> 13dpg_c + h_c + nadph_c,Central Carbon Metabolism
GLUTARH,akg_c + glutar_c + o2_c --> S2hglut_c + co2_c + succ_c,Amino Acid Metabolism
KAT33,3oxptcoa_c + coa_c --> accoa_c + ppcoa_c,Fatty Acid and Lipid Metabolism
LEVUACOAL,4oxptn_c + atp_c + coa_c --> 4oxptcoa_c + amp_c + ppi_c,Alternative Carbon Metabolism
METNA,accoa_c + met__L_c <=> acmet_c + coa_c + h_c,Amino Acid Metabolism
MTSOXINACT,accoa_c + mtsoxin_c --> acmtsoxin_c + coa_c + h_c,Metal and Inorganic Metabolism
MTSOXINtex,mtsoxin_e <=> mtsoxin_p,Transport Systems
MTSOXINtpp,mtsoxin_p <=> mtsoxin_c,Transport Systems
N2ONEtex,n2one_e <=> n2one_p,Transport Systems
N2ONEtpp,n2one_p <=> n2one_c,Transport Systems
PHER,phe__L_c <=> phe__D_c,Amino Acid Metabolism
PPTRNACT,accoa_c + pptrn_c --> acpptrn_c + coa_c + h_c,Metal and Inorganic Metabolism
PPTRNtex,pptrn_e <=> pptrn_p,Transport Systems
PPTRNtpp,pptrn_p <=> pptrn_c,Transport Systems
REPHACCOAT,h2o_c + rephaccoa_c --> coa_c + rephac_c,Alternative Carbon Metabolism
SHGO,S2hglut_c + o2_c --> akg_c + h2o2_c,Amino Acid Metabolism
UND2ONEtex,und2one_e <=> und2one_p,Transport Systems
UND2ONEtpp,und2one_p <=> und2one_c,Transport Systems
2obut_Transport,2obut_e --> 2obut_c,Transport Systems
EX_2obut_e,2obut_e --> ,Transport Systems
f6p_Transport,f6p_e --> f6p_c,Transport Systems
EX_f6p_e,f6p_e --> ,Transport Systems
g1p_Transport,g1p_e --> g1p_c,Transport Systems
EX_g1p_e,g1p_e --> ,Transport Systems
g6p_Transport,g6p_e --> g6p_c,Transport Systems
EX_g6p_e,g6p_e --> ,Transport Systems
glx_Transport,glx_e --> glx_c,Transport Systems
EX_glx_e,glx_e --> ,Transport Systems
malt_Transport,malt_e --> malt_c,Transport Systems
EX_malt_e,malt_e --> ,Transport Systems
malttr_Transport,malttr_e --> malttr_c,Transport Systems
EX_malttr_e,malttr_e --> ,Transport Systems
thymd_Transport,thymd_e --> thymd_c,Transport Systems
EX_thymd_e,thymd_e --> ,Transport Systems
tre_Transport,tre_e --> tre_c,Transport Systems
EX_tre_e,tre_e --> ,Transport Systems
inost_Transport,inost_e --> inost_c,Transport Systems
EX_inost_e,inost_e --> ,Transport Systems
lcts_Transport,lcts_e --> lcts_c,Transport Systems
EX_lcts_e,lcts_e --> ,Transport Systems
CITCIb,citac_c + h2o_c <=> r3mmal_c,Central Carbon Metabolism
3MMD,nad_c + r3mmal_c --> 2m3osuc_c + h_c + nadh_c,Central Carbon Metabolism
MOSDC,2m3osuc_c + h_c --> 2obut_c + co2_c,Central Carbon Metabolism
citac_Transport,citac_e --> citac_c,Transport Systems
EX_citac_e,citac_e --> ,Transport Systems
CITCIa,citm_c <=> citac_c + h2o_c,Central Carbon Metabolism
citm_Transport,citm_e --> citm_c,Transport Systems
EX_citm_e,citm_e --> ,Transport Systems
ASPR,asp__D_c --> asp__L_c,Amino Acid Metabolism
asp__D_Transport,asp__D_e --> asp__D_c,Transport Systems
EX_asp__D_e,asp__D_e --> ,Transport Systems
SSAH,2.0 h_c + nadh_c + sucsal_c <=> h4but_c + nad_c,Alternative Carbon Metabolism
OCOAT3r,ghb_c + succoa_c <=> 4hbutcoa_c + succ_c,Alternative Carbon Metabolism
GHBDHy,h_c + nadph_c + sucsal_c <=> ghb_c + nadp_c,Alternative Carbon Metabolism
h4but_Transport,h4but_e --> h4but_c,Transport Systems
EX_h4but_e,h4but_e --> ,Transport Systems
EX_2hb_e,2hb_e --> ,Transport Systems
2HBt2,2hb_e + h_e <=> 2hb_c + h_c,Transport Systems
2HBO,2hb_c + nad_c <=> 2obut_c + h_c + nadh_c,Alternative Carbon Metabolism
EX_pectin_e,pectin_e --> ,Transport Systems
EPGALURSe,h2o_e + pectin_e --> galur_e,Alternative Carbon Metabolism
EX_dextrin_e,dextrin_e --> ,Transport Systems
DEXTRINt2,dextrin_e + h_e --> dextrin_c + h_c,Transport Systems
MLTG6,dextrin_c + 2.0 h2o_c --> 2.0 glc__D_c,Alternative Carbon Metabolism
EX_srb__L_e,srb__L_e --> ,Transport Systems
SRB_Lt,srb__L_e <=> srb__L_c,Transport Systems
SORD_D,fad_c + sbt__D_c <=> fadh2_c + srb__L_c,Cofactor and Vitamin Biosynthesis
SBTD_D2,nad_c + sbt__D_c --> fru_c + h_c + nadh_c,Alternative Carbon Metabolism
TARTRDH2,nad_c + tartr__M_c <=> h_c + nadh_c + oxglyc_c,Central Carbon Metabolism
TARTRDH,nad_c + tartr__L_c <=> h_c + nadh_c + oxglyc_c,Central Carbon Metabolism
TARTDC,h_c + tartr__L_c --> co2_c + glyc__R_c,Central Carbon Metabolism
tartr__M_Transport,tartr__M_e --> tartr__M_c,Transport Systems
EX_tartr__M_e,tartr__M_e --> ,Transport Systems
MACPT,acACP_c + malon_c --> ac_c + malACP_c,Fatty Acid and Lipid Metabolism
malon_Transport,malon_e --> malon_c,Transport Systems
EX_malon_e,malon_e --> ,Transport Systems
EX_tag__D_e,tag__D_e --> ,Transport Systems
TAGtex,tag__D_e <=> tag__D_p,Transport Systems
TAGptspp,pep_c + tag__D_p --> pyr_c + tag1p__D_c,Transport Systems
TAG1PK,atp_c + tag1p__D_c --> adp_c + h_c + tagdp__D_c,Cellular Processes and Storage
TGBPA,tagdp__D_c <=> dhap_c + g3p_c,Central Carbon Metabolism
EX_tcb_e,tcb_e --> ,Transport Systems
TCBt2ex,tcb_e --> tcb_p,Transport Systems
TCBt2pp,h_p + tcb_p --> h_c + tcb_c,Transport Systems
TCBO,q8_c + tcb_c --> acon_C_c + q8h2_c,Central Carbon Metabolism
EX_alagly_e,alagly_e --> ,Transport Systems
ALAGLYtr,alagly_e + atp_c + h2o_c --> adp_c + alagly_c + h_c + pi_c,Transport Systems
AMPEP4,alagly_c + h2o_c <=> ala__L_c + gly_c,Nitrogen Metabolism
EX_gly_asp__L_e,gly_asp__L_e --> ,Transport Systems
DIPEPabc13,atp_c + gly_asp__L_e + h2o_c --> adp_c + gly_asp__L_c + h_c + pi_c,Transport Systems
AMPEP10,gly_asp__L_c + h2o_c <=> asp__L_c + gly_c,Nitrogen Metabolism
EX_gly_glu__L_e,gly_glu__L_e --> ,Transport Systems
DIPEPabc10,atp_c + gly_glu__L_e + h2o_c --> adp_c + gly_glu__L_c + h_c + pi_c,Transport Systems
AMPEP8,gly_glu__L_c + h2o_c <=> glu__L_c + gly_c,Nitrogen Metabolism
EX_12ppd__R_e,12ppd__R_e --> ,Transport Systems
12PPDRtex,12ppd__R_e <=> 12ppd__R_p,Transport Systems
12PPDRtpp,12ppd__R_p <=> 12ppd__R_c,Transport Systems
PPDOy,h_c + lald__D_c + nadph_c --> 12ppd__R_c + nadp_c,Cofactor and Vitamin Biosynthesis
EX_acgam_e,acgam_e --> ,Transport Systems
ACGAtex,acgam_e <=> acgam_p,Transport Systems
ACGAptspp,acgam_p + pep_c --> acgam6p_c + pyr_c,Transport Systems
AGDC,acgam6p_c + h2o_c --> ac_c + gam6p_c,Nitrogen Metabolism
EX_acmana_e,acmana_e --> ,Transport Systems
ACMANAtex,acmana_e <=> acmana_p,Transport Systems
ACMANAptspp,acmana_p + pep_c --> acmanap_c + pyr_c,Transport Systems
AMANAPEr,acmanap_c <=> acgam6p_c,Nitrogen Metabolism
EX_acnam_e,acnam_e --> ,Transport Systems
ACNAMtex,acnam_e <=> acnam_p,Transport Systems
ACNAMt2pp,acnam_p + h_p --> acnam_c + h_c,Transport Systems
ACNML,acnam_c --> acmana_c + pyr_c,Cell Envelope and Wall Biosynthesis
AMANK,acmana_c + atp_c --> acmanap_c + adp_c + h_c,Nitrogen Metabolism
EX_all__D_e,all__D_e --> ,Transport Systems
ALLtex,all__D_e <=> all__D_p,Transport Systems
ALLabcpp,all__D_p + atp_c + h2o_c --> adp_c + all__D_c + h_c + pi_c,Transport Systems
ALLK,all__D_c + atp_c --> adp_c + all6p_c + h_c,Alternative Carbon Metabolism
ALLPI,all6p_c <=> allul6p_c,Metal and Inorganic Metabolism
ALLULPE,allul6p_c <=> f6p_c,Metal and Inorganic Metabolism
EX_arab__L_e,arab__L_e --> ,Transport Systems
ARBabcpp,arab__L_p + atp_c + h2o_c --> adp_c + arab__L_c + h_c + pi_c,Transport Systems
ARAI,arab__L_c <=> rbl__L_c,Metal and Inorganic Metabolism
RBK_L1,atp_c + rbl__L_c --> adp_c + h_c + ru5p__L_c,Alternative Carbon Metabolism
EX_but_e,but_e --> ,Transport Systems
BUTtex,but_e <=> but_p,Transport Systems
BUTt2rpp,but_p + h_p <=> but_c + h_c,Transport Systems
BUTCT,accoa_c + but_c --> ac_c + btcoa_c,Cofactor and Vitamin Biosynthesis
HACD1,aacoa_c + h_c + nadh_c <=> 3hbcoa_c + nad_c,Fatty Acid and Lipid Metabolism
EX_dha_e,dha_e --> ,Transport Systems
DHAtex,dha_e <=> dha_p,Transport Systems
DHAtpp,dha_p <=> dha_c,Transport Systems
DHAPT,dha_c + pep_c --> dhap_c + pyr_c,Central Carbon Metabolism
EX_fuc__L_e,fuc__L_e --> ,Transport Systems
FUCtex,fuc__L_e <=> fuc__L_p,Transport Systems
FUCtpp,fuc__L_p + h_p <=> fuc__L_c + h_c,Transport Systems
FCI,fuc__L_c <=> fcl__L_c,Metal and Inorganic Metabolism
FCLK,atp_c + fcl__L_c --> adp_c + fc1p_c + h_c,Alternative Carbon Metabolism
FCLPA,fc1p_c <=> dhap_c + lald__L_c,Central Carbon Metabolism
EX_gal_e,gal_e --> ,Transport Systems
GALtex,gal_e <=> gal_p,Transport Systems
GALabcpp,atp_c + gal_p + h2o_c --> adp_c + gal_c + h_c + pi_c,Transport Systems
GALKr,atp_c + gal_c <=> adp_c + gal1p_c + h_c,Alternative Carbon Metabolism
UGLT,gal1p_c + udpg_c <=> g1p_c + udpgal_c,Amino Acid Metabolism
EX_galt_e,galt_e --> ,Transport Systems
GALTtex,galt_e <=> galt_p,Transport Systems
GALTptspp,galt_p + pep_c --> galt1p_c + pyr_c,Transport Systems
GLTPD,galt1p_c + nad_c <=> h_c + nadh_c + tag6p__D_c,Amino Acid Metabolism
PFK_2,atp_c + tag6p__D_c --> adp_c + h_c + tagdp__D_c,Central Carbon Metabolism
EX_gam_e,gam_e --> ,Transport Systems
GAMtex,gam_e <=> gam_p,Transport Systems
GAMptspp,gam_p + pep_c --> gam6p_c + pyr_c,Transport Systems
G6PDA,gam6p_c + h2o_c --> f6p_c + nh4_c,Nitrogen Metabolism
EX_glyc3p_e,glyc3p_e --> ,Transport Systems
GLYC3Ptex,glyc3p_e <=> glyc3p_p,Transport Systems
GLYC3Pt6pp,glyc3p_p + pi_c --> glyc3p_c + pi_p,Transport Systems
G3PT,glyc3p_c + h2o_c --> glyc_c + pi_c,Alternative Carbon Metabolism
EX_lyx__L_e,lyx__L_e --> ,Transport Systems
LYXtex,lyx__L_e <=> lyx__L_p,Transport Systems
LYXt2pp,h_p + lyx__L_p --> h_c + lyx__L_c,Transport Systems
LYXI,lyx__L_c --> xylu__L_c,Metal and Inorganic Metabolism
XYLK2,atp_c + xylu__L_c --> adp_c + h_c + xu5p__L_c,Central Carbon Metabolism
X5PL3E,xu5p__L_c --> ru5p__L_c,Metal and Inorganic Metabolism
RBP4E,ru5p__L_c <=> xu5p__D_c,Metal and Inorganic Metabolism
MALDDH,mal__D_c + nad_c --> co2_c + nadh_c + pyr_c,Central Carbon Metabolism
EX_metglcur_e,metglcur_e --> ,Transport Systems
METGLCURtex,metglcur_e <=> metglcur_p,Alternative Carbon Metabolism
METGLCURt2pp,h_p + metglcur_p --> h_c + metglcur_c,Transport Systems
METGLCUR,h2o_c + metglcur_c --> glcur_c + meoh_c,Amino Acid Metabolism
EX_mnl_e,mnl_e --> ,Transport Systems
MNLtex,mnl_e <=> mnl_p,Transport Systems
MNLptspp,mnl_p + pep_c --> mnl1p_c + pyr_c,Transport Systems
M1PD,mnl1p_c + nad_c <=> f6p_c + h_c + nadh_c,Cellular Processes and Storage
EX_sbt__D_e,sbt__D_e --> ,Transport Systems
SBTtex,sbt__D_e <=> sbt__D_p,Transport Systems
SBTptspp,pep_c + sbt__D_p --> pyr_c + sbt6p_c,Transport Systems
SBTPD,nad_c + sbt6p_c <=> f6p_c + h_c + nadh_c,Cellular Processes and Storage
EX_tartr__L_e,tartr__L_e --> ,Transport Systems
TARTRtex,tartr__L_e <=> tartr__L_p,Transport Systems
TARTRt7pp,succ_c + tartr__L_p <=> succ_p + tartr__L_c,Transport Systems
TARTD,tartr__L_c --> h2o_c + oaa_c,Central Carbon Metabolism
EX_tym_e,tym_e --> ,Transport Systems
TYMtex,tym_e <=> tym_p,Transport Systems
TYROXDApp,h2o_p + o2_p + tym_p --> 4hoxpacd_p + h2o2_p + nh4_p,Cofactor and Vitamin Biosynthesis
4HOXPACDtex,4hoxpacd_e <=> 4hoxpacd_p,Transport Systems
URIt2pp,h_p + uri_p --> h_c + uri_c,Transport Systems
4HOXPACDOX_NADP,4hoxpacd_c + h2o_c + nadp_c --> 4hphac_c + 2.0 h_c + nadph_c,Cofactor and Vitamin Biosynthesis
AACOAR_syn,aacoa_c + h_c + nadph_c --> 3hbcoa__R_c + nadp_c,Cofactor and Vitamin Biosynthesis
ACDO,dhmtp_c + o2_c --> 2kmb_c + for_c + h_c,Amino Acid Metabolism
ACOXT,accoa_c + oxa_c --> ac_c + oxalcoa_c,Fatty Acid and Lipid Metabolism
AHCi,ahcys_c + h2o_c --> adn_c + hcys__L_c,Amino Acid Metabolism
AMAA,acmama_c + h2o_c --> acmam_c + ala__L_c,Amino Acid Metabolism
BLACT,h2o_c + pencil_c --> h_c + pencilca_c,Transport Systems
CBL,cyst__L_h + h2o_h --> hcys__L_h + nh4_h + pyr_h,Amino Acid Metabolism
CDPGLC46DH,cdpglc_c --> cdp4dh6doglc_c + h2o_c,Cell Envelope and Wall Biosynthesis
CMHMI,5cmhm_c --> 5cohe_c,Amino Acid Metabolism
CODSCL5DA,codscl5a_c + h2o_c --> acald_c + codscl5b_c + h_c,Metal and Inorganic Metabolism
COKECBESr,coke_r + h2o_r --> bz_r + egme_r + h_r,Aromatic Compound Degradation
DGUNC,2.0 gtp_c --> cdigmp_c + 2.0 ppi_c,Nucleotide Metabolism
DHPDO,34dhpha_c + o2_c --> 5cmhmsa_c + h_c,Amino Acid Metabolism
DHR,cbasp_m --> dhor__S_m + h2o_m + h_m,Nucleotide Metabolism
EAR181x,h_c + nadh_c + t3c11vaceACP_c --> nad_c + octeACP_c,Central Carbon Metabolism
EAR80x,h_c + nadh_c + toct2eACP_c --> nad_c + ocACP_c,Central Carbon Metabolism
ECGISOr,ecgon_r --> pecgon_r,Metal and Inorganic Metabolism
FLVRx,h_c + nadh_c + ribflv_c --> nad_c + rbflvrd_c,Cofactor and Vitamin Biosynthesis
FNOR,2.0 fdxrd_c + h_c + nadp_c --> 2.0 fdxo_2_2_c + nadph_c,Cofactor and Vitamin Biosynthesis
H4THDPS,aspsa_c + pyr_c --> 4hthdp_c + h2o_c + h_c,Amino Acid Metabolism
HIUH,5hiu_m + h2o_m --> 5houdic_m,Nucleotide Metabolism
HPA3MO,4hphac_c + h_c + nadh_c + o2_c --> 34dhpha_c + h2o_c + nad_c,Amino Acid Metabolism
HSD17B2r,andrstndn_r + h_r + nadh_r --> nad_r + tststerone_r,Fatty Acid and Lipid Metabolism
HSD3A1r,andrstandn_r + h_r + nadh_r --> andrstrn_r + nad_r,Cellular Processes and Storage
HSTPTr,glu__L_c + imacp_c --> akg_c + h_c + hisp_c,Amino Acid Metabolism
KAS6,17.0 h_c + ibcoa_c + 6.0 malcoa_c + 12.0 nadph_c --> 6.0 co2_c + 7.0 coa_c + fa6_c + 5.0 h2o_c + 12.0 nadp_c,Cofactor and Vitamin Biosynthesis
MS,h_m + hcys__L_m + mhpglu_m --> hpglu_m + met__L_m,Amino Acid Metabolism
PACCOAL2,4hphac_c + atp_c + coa_c --> amp_c + hphaccoa_c + ppi_c,Cofactor and Vitamin Biosynthesis
PACL,atp_c + coa_c + pac_c --> amp_c + h_c + phaccoa_c + ppi_c,Cofactor and Vitamin Biosynthesis
PAN4PP,h2o_c + pan4p_c --> pi_c + ptth_c,Cellular Processes and Storage
PHACTE,h2o_c + phaccoa_c --> coa_c + pac_c,Amino Acid Metabolism
PHYT3,h2o_c + inoshp_c --> inospp1_c + pi_c,Metal and Inorganic Metabolism
PPBNGS_1,2.0 5aop_h + h_h --> 2.0 h2o_h + ppbng_h,Cofactor and Vitamin Biosynthesis
Q23DO,o2_c + quc_c --> 2pcpgc_c + co_c,Cofactor and Vitamin Biosynthesis
r1377,fald_c + gthrd_c --> HC02121_c,Amino Acid Metabolism
RDH2a,nadp_c + retinol_9_cis_c --> h_c + nadph_c + retinal_cis_9_c,Cofactor and Vitamin Biosynthesis
RE1711C_2,CE1918_c + nad_c --> 5hoxindact_c + h_c + nadh_c,Aromatic Compound Degradation
RE2034C,C02356_c + akg_c --> 2obut_c + glu__L_c,Central Carbon Metabolism
SBTRh,nadp_h + sbt__D_h --> Glc_aD_h + h_h + nadph_h,Cofactor and Vitamin Biosynthesis
SERD_D,ser__D_c --> nh4_c + pyr_c,Nitrogen Metabolism
SGOR,fad_c + sphgn_c --> fadh2_c + sphings_c,Cofactor and Vitamin Biosynthesis
SPMS,ametam_c + ptrc_c --> 5mta_c + h_c + spmd_c,Nitrogen Metabolism
SULFT,cn_c + thios_c --> so3_c + thioc_c,Metal and Inorganic Metabolism
T2M26DCOAHLm,h2o_m + t2m26dcoa_m --> 3h26dm5coa_m,Central Carbon Metabolism
THRA,thr__L_c --> acald_c + gly_c,Amino Acid Metabolism
UACMAMO,h2o_c + 2.0 nad_c + uacmam_c --> 3.0 h_c + 2.0 nadh_c + uacmamu_c,Nitrogen Metabolism
BCDO,caro_c + o2_c --> 2.0 retinal_c,Cofactor and Vitamin Biosynthesis
GLCNACAMS,mal__L_c + uacgam_c --> acgamm_c + h_c + udp_c,Central Carbon Metabolism
ACTD,actn__R_c + nad_c --> diact_c + h_c + nadh_c,Alternative Carbon Metabolism
CRNCDH,crncoa_c --> ctbtcoa_c + h2o_c,Fatty Acid and Lipid Metabolism
CMLBL,4cnbt_c + h2o_c --> h_c + malac_c,Central Carbon Metabolism
FORA,frmd_c + h2o_c --> for_c + h_c + nh4_c,Cellular Processes and Storage
DHPTPE,ahdt_c --> dhmptp_c,Metal and Inorganic Metabolism
HAS2,ha_pre1_e + uacgam_c + udpglcur_c --> 2.0 h_c + ha_e + 2.0 udp_c,Cell Envelope and Wall Biosynthesis
DKII,46dh25dohxn_c + h_c + nadh_c --> 2ddglcn_c + nad_c,Alternative Carbon Metabolism
LDH_L,lac__L_c + nad_c --> h_c + nadh_c + pyr_c,Central Carbon Metabolism
MGSA,dhap_c --> mthgxl_c + pi_c,Amino Acid Metabolism
3HPPPNH,3hpppn_c + h_c + nadh_c + o2_c --> dhpppn_c + h2o_c + nad_c,Alternative Carbon Metabolism
MSHS,accoa_c + cigam_c --> coa_c + msh_c,Fatty Acid and Lipid Metabolism
NMO,etha_c + fmnh2_c + o2_c --> acald_c + fmn_c + no2_c,Cofactor and Vitamin Biosynthesis
PSP,h2o_h + pser__L_h --> pi_h + ser__L_h,Amino Acid Metabolism
ASP1DC,asp__L_c + h_c --> ala_B_c + co2_c,Amino Acid Metabolism
PPCOAC,atp_c + hco3_c + ppcoa_c --> adp_c + h_c + mmcoa__S_c + pi_c,Alternative Carbon Metabolism
RHMND,rhmn_c --> h2o_c + lkdr_c,Alternative Carbon Metabolism
UDPGD,h2o_c + 2.0 nad_c + udpg_c --> 3.0 h_c + 2.0 nadh_c + udpglcur_c,Cell Envelope and Wall Biosynthesis
3HPPD,3hpp_c + nad_c --> h_c + msa_c + nadh_c,Alternative Carbon Metabolism
ACONT,cit_c --> icit_c,Central Carbon Metabolism
ACCOALm,atp_m + coa_m + ppa_m --> amp_m + ppcoa_m + ppi_m,Cofactor and Vitamin Biosynthesis
RDXR,nadh_c + 2.0 rdxo_c --> h_c + nad_c + 2.0 rdxr_c,Energy Metabolism
UGAH,h2o_m + h_m + udg_m --> nh4_m + urdglyc_m,Amino Acid Metabolism
ACMAA,h2o_c + pepm_w --> aglaa_e + anhgm_w,Amino Acid Metabolism
GLUN,gln__L_c + h2o_c --> glu__L_c + nh4_c,Amino Acid Metabolism
OCT,cbp_c + orn_c --> citr__L_c + pi_c,Amino Acid Metabolism
SKDH,3dhsk_h + h_h + nadph_h --> nadp_h + skm_h,Amino Acid Metabolism
SKK,atp_h + skm_h --> adp_h + h_h + skm5p_h,Amino Acid Metabolism
DQDH,3dhq_h --> 3dhsk_h + h2o_h,Amino Acid Metabolism
BZSCD,bzsuccoa_c + fad_c --> fadh2_c + phitcoa_c,Central Carbon Metabolism
MPML,atp_c + h2o_c + mg2_c + ppp9_c --> adp_c + 3.0 h_c + mppp9_c + pi_c,Cofactor and Vitamin Biosynthesis
CELASE1,cell4_c + h2o_c --> 2.0 cellb_c,Cell Envelope and Wall Biosynthesis
CHOLD2,chol_c + fad_c --> betald_c + fadh2_c,Central Carbon Metabolism
DMBZIDS2,fmnh2_c + h_c + nadh_c + o2_c --> dialurate_c + dmbzid_c + e4p_c + h2o_c + nad_c,Amino Acid Metabolism
CYRDAS,2.0 atp_c + cobya_c + 2.0 gln__L_c + h2o_c --> 2.0 adp_c + co2dam_c + 2.0 glu__L_c + h_c + ppi_c,Amino Acid Metabolism
CPC5MT,amet_c + copre5_c + h2o_c --> acald_c + ahcys_c + copre6_c + h_c,Amino Acid Metabolism
PCT,ctp_c + h_c + ptdoh_MRSA_c --> cdpdag_MRSA_c + pi_c,Cellular Processes and Storage
CXSAMS,amet_c + pphn_c --> cxsam_c + h2o_c + phpyr_c,Amino Acid Metabolism
THRPDC,h_c + thrp_c --> applp_c + co2_c,Amino Acid Metabolism
G1PUT_h,g1p_h + h_h + utp_h --> ppi_h + udpg_h,Cellular Processes and Storage
CYNL,cynt_c + h_c + hco3_c --> cbm_c + co2_c,Nitrogen Metabolism
CYTBD,2.0 h_c + 0.5 o2_c + q8h2_c --> h2o_c + 2.0 h_e + q8_c,Central Carbon Metabolism
H4THDPR,4hthdp_c + h_c + nadph_c --> h2o_c + nadp_c + thdp_c,Cofactor and Vitamin Biosynthesis
APATi,accoa_c + h2o_c + thdp_c --> acamoxm_c + coa_c,Fatty Acid and Lipid Metabolism
13PPDH,3hppnl_c + h_c + nadh_c --> 13ppd_c + nad_c,Central Carbon Metabolism
DHPD,56dura_c + h2o_c --> cala_c,Cofactor and Vitamin Biosynthesis
SALCOD,2.0 h_c + nadh_c + o2_c + salc_c --> catechol_c + co2_c + h2o_c + nad_c,Aromatic Compound Degradation
DXRI,dxyl5p_h + h_h + nadph_h --> 2me4p_h + nadp_h,Cofactor and Vitamin Biosynthesis
DXS,g3p_h + h_h + pyr_h --> co2_h + dxyl5p_h,Cofactor and Vitamin Biosynthesis
TDPGALPT,akg_c + dtdp3a36ddgalp_c --> dtdp3d6dgalp_c + glu__L_c,Amino Acid Metabolism
TDPGALPACT,accoa_c + dtdp3a36ddgalp_c --> coa_c + dtdpquip3nac_c + h_c,Fatty Acid and Lipid Metabolism
DHNPA,dhnpt_c --> 2ahhmp_c + gcald_c + h_c,Central Carbon Metabolism
r1378,HC02121_c + nad_c --> Sfglutth_c + h_c + nadh_c,Amino Acid Metabolism
GAPD_1,g3p_c + nad_c + pi_c --> 13dpg_c + nadh_c,Central Carbon Metabolism
GLYCK2,atp_c + glyc__R_c --> 2pg_c + adp_c + h_c,Amino Acid Metabolism
HOXPRx,glyc__R_c + nad_c --> 2h3opp_c + h_c + nadh_c,Alternative Carbon Metabolism
GLCDe,glc__D_e + h2o_e + q8_c --> glcn_e + h_e + q8h2_c,Cofactor and Vitamin Biosynthesis
GLYDHD,gly_m + lpro_m --> alpro_m + co2_m,Amino Acid Metabolism
GDH1,glu__L_c + h2o_c + nad_c --> akg_c + 2.0 h_c + nadh_c + nh3_c,Amino Acid Metabolism
GDH2,glc__bD_c + nadp_c --> 15gl_c + h_c + nadph_c,Cofactor and Vitamin Biosynthesis
GLYCTO2,glyclt_c + q8_c --> glx_c + q8h2_c,Alternative Carbon Metabolism
GLYCTO3,glyclt_c + mqn8_c --> glx_c + mql8_c,Alternative Carbon Metabolism
GLYCTO4,2dmmq8_c + glyclt_c --> 2dmmql8_c + glx_c,Alternative Carbon Metabolism
GLUK,atp_c + glc__D_c --> adp_c + g6p_B_c + h_c,Central Carbon Metabolism
G3PD1,dhap_h + h_h + nadh_h --> glyc3p_h + nad_h,Alternative Carbon Metabolism
GLUS_nadph,akg_h + gln__L_h + h_h + nadph_h --> 2.0 glu__L_h + nadp_h,Amino Acid Metabolism
GDR,gthox_c + h_c + nadh_c --> 2.0 gthrd_c + nad_c,Amino Acid Metabolism
GTHS_1,atp_h + glucys_h + gly_h --> adp_h + gthrd_h + 2.0 h_h + pi_h,Amino Acid Metabolism
GMPS,atp_c + nh4_c + xmp_c --> amp_c + gmp_c + 2.0 h_c + ppi_c,Nucleotide Metabolism
IDTDH,h_c + nadh_c + srb__L_c --> idt_c + nad_c,Cofactor and Vitamin Biosynthesis
GLYOX3,h2o_c + mthgxl_c --> h_c + lac__D_c,Central Carbon Metabolism
4HBZR,4hbzcoa_c + fdxr_42_c + 6.0 h_c --> benzcoa_c + fdxo_42_c + h2o_c,Aromatic Compound Degradation
FECPP3O,2.0 amet_c + fecpp3_c --> 2.0 co2_c + 2.0 dad_5_c + 4.0 h_c + 2.0 met__L_c + pheme_c,Cofactor and Vitamin Biosynthesis
NAD_H2,h_c + nadh_c --> h2_c + nad_c,Energy Metabolism
HSDH,aspsa_h + h_h + nadph_h --> hom__L_h + nadp_h,Amino Acid Metabolism
INS2D,inost_c + nad_c --> 2ins_c + h_c + nadh_c,Alternative Carbon Metabolism
MOAT,ckdo_c + lipidA_c --> cmp_c + h_c + kdolipid4_c,Nucleotide Metabolism
IPMD_1,3c2hmp_c + nad_c --> 2ip3os_c + h_c + nadh_c,Central Carbon Metabolism
TDSK,atp_c + lipidAds_c --> adp_c + h_c + lipidA_c,Fatty Acid and Lipid Metabolism
LAURTRANS,ddcaACP_c + kdo2lipid4_c --> ACP_c + laur_kdo2lipid4_c,Cell Envelope and Wall Biosynthesis
r1391,dxtrn_c --> HC02136_c,Cellular Processes and Storage
ALCD1,meoh_c + nad_c --> fald_c + h_c + nadh_c,Alternative Carbon Metabolism
SHCHCS3,2sephchc_c --> 2shchc_c + pyr_c,Central Carbon Metabolism
HKNDDH,h2o_c + hkndd_c --> h_c + op4en_c + succ_c,Central Carbon Metabolism
HIBD,3hmp_c + nad_c --> 2mop_c + h_c + nadh_c,Alternative Carbon Metabolism
GTPC,amet_c + gtp_c --> 38ch2gtp_c + dad_5_c + met__L_c,Amino Acid Metabolism
FMNRy_1,fmn_c + 2.0 h_c + nadph_c --> fmnh2_c + nadp_c,Cofactor and Vitamin Biosynthesis
AHCYSNS,ahcys_c + h2o_c --> ade_c + rhcys_c,Amino Acid Metabolism
UAATAAL,alaala_c + atp_c + uamagl_c --> adp_c + h_c + pi_c + uamaglaa_c,Nitrogen Metabolism
DGTP8DETOX,8oxdgtp_c + h2o_c --> 8oxdgmp_c + h_c + ppi_c,Nucleotide Metabolism
PBAL,ala_B_c + atp_c + pant__R_c --> amp_c + 2.0 h_c + pnto__R_c + ppi_c,Amino Acid Metabolism
HTHRPDH,nad_c + phthr_c --> 2a3pp_c + h_c + nadh_c,Amino Acid Metabolism
PDX5PSc,3a2oprop_c + dxyl5p_c --> 2.0 h2o_c + h_c + pdx5p_c + pi_c,Cofactor and Vitamin Biosynthesis
PHEH_c,o2_c + phe__L_c + thbpt_c --> hthbp_c + tyr__L_c,Amino Acid Metabolism
PRO1x,nad_c + pro__L_c --> 1pyr5c_c + 2.0 h_c + nadh_c,Amino Acid Metabolism
RIBFS,2.0 dmlz_h + h_h --> 4r5au_h + ribflv_h,Cofactor and Vitamin Biosynthesis
SER_AL,ser__L_c --> h_c + nh3_c + pyr_c,Nitrogen Metabolism
SLDK,atp_m + h2o_m + seln_m --> amp_m + 2.0 h_m + pi_m + selnp_m,Nucleotide Metabolism
SULR_ferr,6.0 fdxrd_h + so3_h --> 6.0 fdxox_h + 3.0 h2o_h + h2s_h + 6.0 h_h,Cofactor and Vitamin Biosynthesis
THD2,2.0 h_e + nadh_c + nadp_c --> 2.0 h_c + nad_c + nadph_c,Cofactor and Vitamin Biosynthesis
UPP3MT_1,2.0 amet_h + uppg3_h --> 2.0 ahcys_h + dscl_h + 2.0 h_h,Cofactor and Vitamin Biosynthesis
TMDS3,dump_c + h_c + mlthf_c + nadph_c --> dtmp_c + nadp_c + thf_c,Nucleotide Metabolism
TRPS2_1,ind_c + ser__L_c --> h2o_c + trp__L_c,Amino Acid Metabolism
HPYRRx,h_c + hpyr_c + nadh_c --> glyc__R_c + nad_c,Central Carbon Metabolism
URIC,2.0 h2o_c + o2_c + urate_c --> alltn_c + co2_c + h2o2_c,Nucleotide Metabolism
UAG4E,uacgam_c --> uacgala_c,Nitrogen Metabolism
UDPGPT,udcpp_c + udpg_c --> udcpgl_c + ump_c,Nucleotide Metabolism
GLCE,glc__D_c --> glc_D_B_c,Metal and Inorganic Metabolism
EX_phenol_e,phenol_e --> ,Transport Systems
PHENOLtex,phenol_e <=> phenol_p,Transport Systems
PHENOLtpp,phenol_p <=> phenol_c,Transport Systems
PHENOL2MONOO,h_c + nadph_c + o2_c + phenol_c --> catechol_c + h2o_c + nadp_c,Aromatic Compound Degradation
EX_pcresol_e,pcresol_e --> ,Transport Systems
PCREStex,pcresol_e <=> pcresol_p,Transport Systems
PCRESOLMeH1,2.0 cu2azurin_p + h2o_p + pcresol_p --> 4hba_p + 2.0 cu1azurin_p + 2.0 h_p,Amino Acid Metabolism
PCRESOLMeH2,4hba_p + 2.0 cu2azurin_p + h2o_p --> 4hbald_p + 2.0 cu1azurin_p + 2.0 h_p,Amino Acid Metabolism
4HBALDt2pp,4hbald_p + h_p <=> 4hbald_c + h_c,Transport Systems
AZURINRe,4.0 cu1azurin_p + 4.0 h_p + o2_p --> 4.0 cu2azurin_p + 2.0 h2o_p,Cofactor and Vitamin Biosynthesis
EX_3hoxpac_e,3hoxpac_e --> ,Transport Systems
3HOXPACtex,3hoxpac_e <=> 3hoxpac_p,Transport Systems
3HOXPACt2pp,3hoxpac_p + pep_c <=> 3hoxpac_c + pi_c + pyr_c,Transport Systems
3HPA6OX,3hoxpac_c + h_c + nadph_c + o2_c --> h2o_c + hgentis_c + nadp_c,Cofactor and Vitamin Biosynthesis
4HOXPACDtpp,4hoxpacd_p --> 4hoxpacd_c,Transport Systems
4HALDD,4hoxpacd_c + h2o_c + nad_c --> 4hphac_c + 2.0 h_c + nadh_c,Central Carbon Metabolism
CMCMSAD,5cmhmsa_c + h2o_c + nad_c --> 5cmhm_c + 2.0 h_c + nadh_c,Aromatic Compound Degradation
OPTCCL,5cohe_c + h_c --> 2hh24dd_c + co2_c,Aromatic Compound Degradation
2HH24DDH,2hh24dd_c + h2o_c --> 4h2kpi_c,Aromatic Compound Degradation
4H2KPILY,4h2kpi_c --> pyr_c + sucsal_c,Aromatic Compound Degradation
EX_4hphac_e,4hphac_e --> ,Transport Systems
HPAtex,4hphac_e --> 4hphac_p,Transport Systems
4HOXPACt2pp,4hphac_p + h_p --> 4hphac_c + h_c,Transport Systems
ARBtex,arab__L_e --> arab__L_p,Transport Systems
ARBt2rpp,arab__L_p + h_p --> arab__L_c + h_c,Transport Systems
ARABD,Lara14lac_c + h_c + nadh_c --> arab__L_c + nad_c,Alternative Carbon Metabolism
LARABLN,Lara14lac_c + h2o_c --> Larabnt_c,Alternative Carbon Metabolism
LARABTD,Larabnt_c --> 2d3darabnt_c + h2o_c,Alternative Carbon Metabolism
2DLARAA,2d3darabnt_c --> gcald_c + pyr_c,Central Carbon Metabolism
EX_drib_e,drib_e --> ,Transport Systems
DRBK,atp_c + drib_c --> 2dr5p_c + adp_c + h_c,Alternative Carbon Metabolism
DRPA,2dr5p_c --> acald_c + g3p_c,Central Carbon Metabolism
DRIBt2,drib_e + h_e --> drib_c + h_c,Transport Systems
EX_gly_pro__L_e,gly_pro__L_e --> ,Transport Systems
AMPEP11,gly_pro__L_c + h2o_c --> gly_c + h_c + pro__L_c,Nitrogen Metabolism
DIPEPabc14,atp_c + gly_pro__L_e + h2o_c --> adp_c + gly_pro__L_c + h_c + pi_c,Transport Systems
EX_xyl__D_e,xyl__D_e --> ,Transport Systems
XYLt,xyl__D_e --> xyl__D_c,Transport Systems
XYLK,atp_c + xylu__D_c --> adp_c + h_c + xu5p__D_c,Central Carbon Metabolism
XYLI1,xyl__D_c --> xylu__D_c,Alternative Carbon Metabolism
EX_mcresol_e,mcresol_e --> ,Transport Systems
EX_ocresol_e,ocresol_e --> ,Transport Systems
MCREStex,mcresol_e <=> mcresol_p,Transport Systems
OCREStex,ocresol_e <=> ocresol_p,Transport Systems
PCRESt2pp,h_p + pcresol_p <=> h_c + pcresol_c,Transport Systems
MCRESt2pp,h_p + mcresol_p <=> h_c + mcresol_c,Transport Systems
OCRESt2pp,h_p + ocresol_p <=> h_c + ocresol_c,Transport Systems
TOLOMONOOX1,h_c + nadh_c + o2_c + ocresol_c --> 3mcat_c + h2o_c + nad_c,Aromatic Compound Degradation
TOLOMONOOX2,h_c + mcresol_c + nadh_c + o2_c --> 3mcat_c + h2o_c + nad_c,Aromatic Compound Degradation
TOLOMONOOX3,h_c + mcresol_c + nadh_c + o2_c --> 3mcat_c + h2o_c + nad_c,Aromatic Compound Degradation
TOLOMONOOX4,h_c + nadh_c + o2_c + pcresol_c --> 3mcat_c + h2o_c + nad_c,Aromatic Compound Degradation
